CODE,NAME,ADDRESS1,ADDRESS2,POST CODE,CITY,TEL,MOBILE
10568,3BROS FOOD SERVICE,UNIT1. ALLEN HOUSE,NEW SPITAFIELDS MARKET,E10 5SQ,LEYT ON,,
10326,7 BROTHERS FOOD CENTER,72 HIGH RD,,N15 6JJ,LOND ON,,
10305,ABS MARKET LTD (FOOD&WINE),845 FOREST RD,,E17 4AT,LOND ON,,
10532,ADA FOOD CENTRE,36-38 CAMBRIDGE RD,, KT1 3JY, KIN GSTON UPON THAMES,,7539497688
10297,AHMED FOOD STORE,2 ST ETHELBERT AVENUE,,LU3 1QH,LUTO N,,
10576,AHMET ERDAL - FIRAT,,,, ,,
10504,AKBAR ALI,55 ANSELM ROAD,,SW6 1LH,LOND ON,,
10395,AKDENIZ CHINGFORD (SELAN LTD),38-40 OLD CHURCH ROAD,,E4 8DB,CHIN GFORD,,
10047,AKDENIZ STOKE NEWINGTON,62-64 STOKE NEWINGTON HIGH ST,,N16 7PB,LOND ON,7554594459,
10219,AKDENIZ SUPERMARKET-ENFIELD,463-465 HERTFORD RD,,EN3 5UT,LOND ON,,07881 812035
10396,AKDENIZ WALTHAMSTOW (MEDITERRANIAN LTD SW),147-149 HOE STREET,,E17 3AL,LOND ON,,
10052,AKSU FOOD CENTRE,53 WATLING AVE. BURNT OAK,EDGWARE,HA8 0LD,LOND ON,020 8951 4979,
10518,AKSU FOOD CENTRE,655 GREEN LANES,,N8 0QY,LOND ON,,7449925522
10181,AKSU FOOD CENTRE-EDMONTON,10-12 CHURCH ST,,N9 9DX,LOND ON,,
10048,AKSU MARKET,182 PHILIP LN,,N15 4JW,LOND ON,,
10463,AKSULAR ENFIELD TOWN,8-10 SILVER STREET,,EN1 3ED,LOND ON,,
,AKSULAR RESTAURANT,232. 234 GREEN LANES,, N13 5UD,LOND ON,,
10616,ALA FOODS LTD,UNIT B28. HASTINGWOOD TRADING ESTATE,35 HARBET RD,N18 3HT,LOND ON,,
10390,ALA WHOLESALE LTD,OFFICE 5 36 QUEENSWAY,,EN2 9BH,ENFI ELD,,
10013,ALAGOZ (UK) LIMITED,16 WOODGRANGE RD,,E7 0EW,LOND ON,7860480762,
10277,ALIM FOOD LTD, 111 KETTERING RD,,NN1 4AZ,NORT HAMPTON,,
10442,ALMYS SUPERMARKET & HALAL MEAT, 8-9 LEES PARADE,UXBRIDGE,UB10 0PQ, ,,
10509,ALPASHA SUPERMARKET,428-430 HIGH RD,,HA9 6AH,WEMB LEY,,7445536849
10425,ALSULTAN MARKET LTD,241 NEASDEN LANE,,NW10 1QG,LOND ON,,
10253,ALTIS FOODSERVICE,14-20 PATERSON RD,FINEDON ROAD INDUSTRIAL ESTATE,NN8 4AJ,WELL INGBOROUGH,,
10524,AMAZON CUSTOMER,,,, ,,
10418,ANGEL SUSHI LIMITED,13 UPPER STREET,,N1 0PQ,LOND ON,,
10028,ANTEP MUTFAGI,,,N4 1EU,LOND ON,7506 711376,
10027,ANTEPLILER RESTAURANT LTD,46 GRAND PARADE,GREEN LANES,N4 1AG,LOND ON, 7789 778208,
10365,ARAN FOOD CENTRE,56 WATLING AVE,BURNT OAK,HA8 0LT,EDGW ARE,,
10135,ARI FOOD CENTRE,16 BALLARDS LANE,,N12 0EW,LOND ON,,
10328,ARSLAN CASH&CARRY LIMITED,20 QUEENSWAY,,EN3 4SA,POND ERS END,,
10333,ARYA SUPERMARKET LIMITED,159-160 PARROCK STREET,GRAVESEND,DA12 1ER,ENGL AND,,
10654,AS PONTES LOGISTICS SERVICES SL,RU BALSA. SN.,PONTES GARCIA DE RODRIGUEZ,15320,A CO RUN,0034919 330393,
10581,ASIL MEAT LTD,UNIT 8,TRIUMPH TRADING ESTATE,N17 0EB,LOND ON,,
10290,ATAKAN FOOD CENTER,315 W GREEN RD,,N15 3PA,LOND ON,,
10446,ATLANTIS FOOD CENTRE,264-266 HIGH ROAD,WILLESDEN,NW10 2EY,LOND ON,,
10372,ATLANTIS FOOD CENTRE NEASDEN,77 DUDDEN HILL LN,,NW10 1DG,LOND ON,,
10319,ATMALI IMPORT LTD,UNIT 4, 233 HIGH STREET,W3 9BY,LOND ON, 7939 823488,
10452,AYAS IMPORT EXPORT LTD,ASHLEY HOUSE,OFFICE 316. 235-239 HIGH ROAD,N22 8HF,LOND ON,,
10638,AYAZ FOOD CENTRE LTD,236 HERTFORD ROAD,,EN35BL,LOND ON,,
10384,AYSA FOOD AND WINE (BABA FOOD),75 HIGH ST,,ME7 1BJ,GILL INGHAM,,
10338,AZAD FOOD CENTRE,411-413 HIGH ROAD,,IG1 1TJ,ILFO RD, (020 8514 6914),
10211,AZIZIYE BUTCHER,117 STOKE NEWINGTON RD,,N16 8BU,LOND ON,07529 384775,
10464,BABEL ART LONDON LTD,86 STOKE NEWINGTON HIGH STREET,,N16 7PA, ,,
10528,BAGHDAD FOOD CENTRE,143-147 THE VALE,,W3 7RH,LOND ON,,7754934743
10360,BAKKALIM UK,UNIT 8 CATTLEGATE ROAD,CREWS HILL,EN2 9ED,ENFI ELD,07557 141818,
10350,BAKUR LTD- MIR FOOD CENTRE,88-92 HIGH ST,,HA3 7AH,HARR OW,,
10159,BANKA HESAP DEVIR,,,, ,,
10443,BB FATIMA CASH AND CARRY,654 LEA BRIDGE RD,,E10 6AP,LOND ON,020 4537 5639,7800580096
10451,BBQ PIT,,,, ,,
10629,BEST C.VEG LIMITED,UNIT 8 LEESIDE TRADING ESTATE,TOTTENHAM,N17 0QH,LOND ON,,
10565,BEST GROCERY LTD,UNIT A STATION APPROACH,WALTHAM CROSS,EN8 7LX,LOND ON,,
10330,BEST MINI MARKET, 231 BOUNCES RD,,N9 8LP,LOND ON,,
10172,BEXLEY INTERNATIONAL FOOD CENTRE,252 BEXLEY RD,,DA8 3HB,ERIT H,01322 334411,
10337,BIG BASKET ENFIELD, 215 CHASE SIDE,ENFIELD, EN2 0RA,LOND ON,,
10336,BIG BASKET ILFORD,183 RICHMOND RD,ILFORD,IG1 2XN,LOND ON,,
10436,BIG BEN BUTCHERY LTD,120-122 FORE ST,,N18 2XA,LOND ON,,
10355,BIR TAT LTD,422-424 HIGH ROAD,,N17 9JB,LOND ON,,
10537,BOGAZICI LTD,382 REYLEIGH ROAD,,SS9 5PT, ,,
10324,BORKE LTD,153 _155 HIGH STREET,STAINES UPONTHAMES,TW18 4PA,LOND ON,,
10633,BOSTON FC LTD,2 STRAIT BARGATE,,PE21 6LR,BOST ON,,
10449,BOSTON SUPERMARKET,8 GEORGE STREET,,PE21 8XF,BOST ON,,
10307,BRAND WAY FOOD LTD,23-24 BARRETTS GREEN ROAD,PARK ROYAL,NW10 7AE,LOND ON,7411 159819,
10334,BRENT STREET FOOD & WINE,109 BRENT ST,,NW4 2DX,LOND ON,,
10247,BRIMSDOWN FOOD CENTRE,251 GREEN STREET,ENFIELD,EN3 7SH,LOND ON,020 8805 1680,
10308,BROADWAY FOOD CENTRE,89-91 BURNT OAK BROADWAY,EDGWARE, HA8 5EP,LOND ON,,
10272,BROTHERS FOOD CENTRE,137-139 ORDNANCE RD,,EN3 6AE,ENFI ELD,,
10441,BROXBOURNE FOOD CENTRE,,,, ,,
10527,BUDGENS SILVERTOWN,CONRAD HOUSE,19 WESLEY AVENUE,E16 1TD,LOND ON,,
10197,BUY & SAVE***,251-255 HIGH ST,LONDON,E17 7BH,WALT HAMSTOW,,
10037,BUY 2 SAVE GOLDERS GREEN,26 GOLDERS GREEN RD,,NW11 8LL,LOND ON,020 8455 8839,
10039,BUY 2 SAVE GREENFORD,460 GREENFORD ROAD,,UB6 8SQ,LOND ON,,
10129,BUYFOOD STRATFORD, 7 STATION ST,,E15 1DA,LOND ON, 7388 867223,
10130,BUYFOOD SUPERMARKET TOWER BRIDGE, 84 ROYAL MINT ST,,E1 8ZU, LON DON, 7388 867223,
10634,BZ EXPRESS LTD,UNIT 9. MAYBELLS COMMERCIAL ESTATE,BARKING,IG11 0TP,LOND ON,,
10012,CASH SALE,,,, ,,
10552,CASH SALE / NEW SALE,,,, ,,
10053,CHELMSFORD TAKEAWAY,37 DUKE STREET,,CM1 1HY,CHEL MSFORD,7956 209813,
10503,CHEQUE U/N,,,, ,,
10057,CHINGFORD FOOD CENTRE,1 CHINGFORD MOUNT ROAD,,E4 8LU,LOND ON,,
10014,CHOCALATE BOX LTD,201 LORDSHIP LANE. TOTTENHAM,,N17 6XF,LOND ON,7940 575142,
10439,cihan,,,, ,,
10158,CJ FOOD,,,, , 7538 131295,
10477,COLLEGE STORES SUPERMARKET,NUNSBURY DR. TURNFORD,,EN10 6AG,BROX BOURNE,,7412694512
10179,CONTINENTAL FOOD EXCHANGE,647-661 HIGH RD LEYTONSTONE,BUSHWOOD,E11 4RD,LOND ON, 7825 877364,
10535,CONTINENTAL SATIS (MUTFAK),,,, ,,
10259,CORNER FOOD CENTRE ILFORD,527 GREEN LN,, IG3 9RH,ILFO RD,,
10318,COSMOS CATERING,UNIT 5-6 COSMOS BENTALLS, BASILDON,SS14 3BX,ENGL AND,,
10236,COSTCUTTER,46 48 HARROW ROAD,,HA9 6PL,LOND ON,,
10490,COSTCUTTER - CLAPHAM ROAD,258 CLAPHAM RD,,SW9 9AE,LOND ON,,
10235,CRANBROOK SUPERMARKET ILFORD, 161A. 183 CRANBROOK RD,,IG1 4TA,ILFO RD,,
10387,CROSSBROOK SUPERMARKET,115 CROSSBROOK ST,CHESHUNT,EN8 8LY,WALT HAM CROSS,,
10363,CROSSWAY FOOD & WINE,55 SEWARDSTONE RD,,E4 7PA,LOND ON,,
10514,CUDI FOOD CENTRE,W GREEN RD. DUCKETT'S GREEN,N15 3PU,N15 3PU, ,,
10122,CYPROFOOD LIMITED,BRANTWOOD INDUSTRIAL ESTATE. BRANTWOOD,TOTTENHAM,N17 0DX,LOND ON,,020 8801 0101
10567,DAG SUPERMARKET, 41 GREENWICH HIGH RD,,SE10 8JL,LOND ON,,
10424,DAMAS GARDENS,43-45 HIGH ST,,W3 6ND,LOND ON,020 8993 9800,
10055,DAMAS GATE WHOLESALE,THE METROPOLITAN CENTRE,DERBY RD, UB6 8UJ,GREE NFORD,7703 783077,
10411,DEBDEN STORE,23 THE BROADWAY,,IG10 3SP,LOND ON,,
10220,DECEBAL LTD,,,, ,,
10600,DERIN GROUP LTD,25 PENNINE WALK,,PO14 1QQ, FAR EHAM,7355588828,
10496,DEVRAN UK LTD T/A BUY & SAVE SUPERMARKET,29-43 THE BROADWAY,STANMORE,HA7 4DJ, ,,7307538923
10174,DIAMOND SUPERMARKET,52 CANNON HILL,, N14 6LH,LOND ON,,
10190,DIRECT FOOD CENTRE,12-14 COLMAN PARADE,SOUTHBURY RD,EN1 1YY,ENFI ELD, 07939 234101,
10302,DIVAN RESTAURANT,163 BALLARDS LN,CHURCH END,N13 1LJ,LOND ON,,
10288,DURANTS FOOD WINE,292 294 DURANTS ROAD,,EN3 7AZ, ,,
10325,EAGLE LOCAL EXPRESS LTD,SHEFFIELD HOUSE. RYE ROAD,HODDESDON,EN11 0JR,HERT FORDSHIRE,,
10577,EAGLE LOGISTIC LONDON LTD,JJO ACCOUNTANCY UNIT 128. M25 BUSINESS CENTRE,ABILITY HOUSE. 121 BROOKER ROAD,EN9 1JH,WALT HAM ABBEY,,
10294,ECOMAR SUPERMARKET, 14 CHURCH HILL RD,BARNET,EN4 8TB,LOND ON,,
10483,EKIN FOOD CENTRE,321 FORE ST,,N9 0PD,LOND ON,,7479647015
10539,ELBZ LTD,176 LINCOLN ROAD,PETERBOROUGH,PE1 2NW,CAMB RIDGESHIRE,,7753321413
10292,ELIF FOOD CENTRE,155 MOUNT PLEASANT ROAD,,N17 6JH,LOND ON,7341 877879,
10244,ELIF FOOD CENTRE HOXTON,183 HOXTON ST,,N1 6RA,LOND ON,7341 877879,
10282,ELIF-BARAN LTD,14-16 WESTERHAM AVE,,N9 9BU,LOND ON,,
10359,ELIFS FOOD MARKET,197 FIELD END RD,PINNER,HA5 1QR, ,,
10296,EMBAS EXPRESS,98-100 HIGH RD,LEYTON,E15 2BX,LOND ON,,
10515,EMP WHOLESALE LTD ( PETIBOR),,,, ,,
10177,ENDO FOODS LTD,10 PRINCES ROAD,MONTAGU INDUSTRIAL ESTATE,N18 3PR,LOND ON,,
10611,ENFIELD CASTLE LTD,25 HURST AVENUE,,E4 8DW,LOND ON,,
10289,ENFIELD FOOD CENTER-CHESTNUT,,,EN8 8LQ,LOND ON,,
10364,ENFIELD MINI MARKET,116 SOUTH STREET,,EN3 4QA,POND ERS END, (020 8804 8597),07501 044464
10450,ENFIELD WINES,223 FORE ST,,N18 2TZ-,LOND ON,,
10414,ENZO WHOLESALE,5 PICKETT'S LOCK LN,, N9 0AS,LOND ON,7572 864969,
10354,EREN FOOD CENTRE,52 STAMFORD HILL,,N16 6XT,LOND ON,,
10469,ERSOY SUPPORT CONSULTANCY,,,, ,,
10430,ESSA FRESH LTD,,,, ,,
10397,ESSA FRESH LTD,UNIT 1 SANDY LANE BUSINESS PARK,,CV1 4DQ,COVE NTRY,,07748343136 VELDA
10274,EUCOM LONDON LTD,32-36 SHIRLEY HIGH STREET,,SO15 3NG,SOUT HAMPTON, 7502 242743,
10225,EURO FOOD CENTER,6 BROWNLOW RD,,N11 2DN,LOND ON,,
10252,EUROPOL PETERBOROUGH,A. ASHWOOD HOUSE, ENTERPRISE WAY,PE3 8YQ, PET ERBOROUGH,,
10391,EUROPOLI,282 LINCOLN RD,, PE1 2ND,PETE RBOROUGH,,
10051,EVERGREEN EXPRESS,316 GREEN LANES,FINSBURY PARK,N4 1BX,LOND ON,7701 052546,
10273,EVZER LTD - MIRPA FOOD CENTER,128 STATION RD,,HA8 7AA,EDGW ARE,,
10398,EXPA SUPERSTORES LTD,143-145 PHILIP LANE,,N15 4HQ,LOND ON,,
10614,EXPO INTERNATIONAL 5,31 HERBERT ROAD,,SE18 3SZ,LOND ON,,
10367,EXPO INTERNATIONAL SUPERMARKET, 301-303 BRAMPTON RD,,DA7 5QR,BEXL EYHEATH,,
10612,EXPO INTERNATIONAL SUPERMARKET 1,244 PLUMSTEAD HIGH ST,,SE18 1JN,LOND ON,,
10399,EXPO INTERNATIONAL SUPERMARKET 2,151 PLUMSTEAD ROAD,,SE18 7DY,LOND ON,,
10620,EXPO INTERNATIONAL SUPERMARKET 4,28-32 NUXLEY RD BELVEDERE,,DA17 5JG,LOND ON,,
10036,EXPRESS FOOD CENTRE,423-427 HIGH RD LEYTONSTONE,,E11 4JU,LOND ON,,
10261,EZEL FOOD&WINE,12 EMPIRE PARADE,,N18 1AA,LOND ON,,
10554,FAIR DEAL CASH & CARRY LIMITED,7A BOEING WAY,LONDON - SOUTHALL,UB2 5LB, ,,
10243,FARAH SUPERMARKET,402 EDGWARE RD,,W2 1ED,LOND ON,,
10586,FERHAT VAN,,,, ,,
10032,FIGS & GRAIN,19-21 BROADWAY MARKET,, E8 4PH,LOND ON, 7884 195557,
10295,FINCHLEY FOOD CENTER, 70A BALLARDS LN,,N3 2BU,LOND ON,,
10215,FIOS CONTINENTAL FOOD-SOUTHGATE,100-110 CROWN LANE,SOUTHGATE, N14 5EN,LOND ON,(020 8920 6613),07445 193302
10309,FIOS FOOD CENTER, 11 COCKFOSTERS PARADE,,EN4 0BX,BARN ET,,
10045,FOOD ART DIRECT,614-616. HERTFORD ROAD,,EN3 5TD,LOND ON,7435 338306,
10019,FOOD ART UK LIMITED,UNIT 3B BRIMSDOWN INDUSTRIAL ESTATE,55 LOCKFIELD AVENUE,EN3 7PY,ENFI ELD,7391 701510,
10132,FOOD COUNTRY LTD,UNIT D1. KINGHAM INDUSTRIAL ESTATE,,NW10 6PN,LOND ON,,
10020,FOOD MORNING LTD,UNIT 3 HOE LANE,NAZEING. WALTHAM ABBEY,EN9 2RJ,LOND ON, 7926 100366,
10369,FOOD REPUBLIC WHOLESALE,UNIT 3. STEWARTS LANE DEPOT,SILVERTHORNE ROAD, SW8 3HE,LOND ON,7920 202221,
10311,FOREST EXPRESS, 839 FOREST RD,,E17 4AT,LOND ON,,
10505,FORFAR HOT FOOD LTD,65 CASTLE STREET,,DD8 3AG,FORF AR,,
10257,FRESH FOOD HATFIELD LTD,17D TOWN CENTRE,,AL10 0JZ,HATF IELD,,
10343,FRESH INTERNATIONAL CENTRE,459 LORDSHIP LN,, N22 5DJ,LOND ON,020 3602 9827,
10217,FRESH VALLEY FOODS-(Y.HALIM)PALMERS GREEN,2A/B HEDGE LANE,, N13 5SH,LOND ON,,07438 336249
10216,FRESH VALLEY FOODS-(Y.HALIM)SOUTHGATE,2-4 WINCHMORE HILL RD,,N14 6PT,LOND ON,,07943 556621
10400,FRESHA FOODS SUPERMARKET,314 STATION ROAD,,HA2 2DX,HARR OW,,
10231,FRESHMART, 34 WEMBLEY HILL ROAD,,HA9 8FJ, ,,
10603,FRESHWAY FOODS LTD,UNIT 3 URBAN LOGISTICS TOTTENHAM,WILLOUGHBY LANE,N17 0RU,LOND ON,,
10160,GARDEN'S FOOD&WINE,86-90 MANCHESTER ROAD,, E14 3BE,LOND ON,,
10410,GB SUPERMARKET(EDIZ LTD),225-227. 225 LEY ST,, IG1 4BL,ILFO RD,,
10585,GLOBAL FOODS WHOLESALERS LTD,UNIT 29 CONINGSBY ROAD,,PE3 8SB,PETE RBOROUGH,,
10507,GO4FRESH NOTTINGHAM, SOVEREIGN HOUSE,184 NOTTINGHAM RD,NG7 7BA,NOTT INGHAM,,7850563004
10649,GOKSUNLULAR DERNEGI,,,, ,,
10473,GOLF LONDON,,,, ,,
10401,GRAND ISTANBUL MARKET,12-14 ELECTRIC PARADE,,E18 2LY,LOND ON,,
10550,GREEN MARKET,16 HIGH ROAD,,N22 6BX,LOND ON,,7375763391
10286,GREENS FOOD,74-75 GRAND PARADE,GREEN LANES, N4 1DX,HARR INGAY,,
10194,GREENS INTERNATIONAL-EDGWARE,159_163,,HA8 7JS,LOND ON,,
10186,GREENS INTERNATIONAL-FINCHLEY,45-51 WOODHOUSE RD,,N12 9ET,LOND ON,,
10248,GROSCO FOODS LTD,269-271 CHINGFORD MOUNT ROAD,,E4 8LP,LOND ON,,
10517,GURBET SUPERMARKET, 604B SEVEN SISTERS RD,,N15 6HT,LOND ON,,7984477519
10617,H&A CATERING LTD,UNIT 3 38 LOCKFIELD AVE.,ENFIELD,EN37PY,LOND ON,,
10637,HAIRWAVES LIMITED,UNIT 9 THE ARENA. MOLLISON AVENUE,ENFIELD,EN3 7NL,LOND ON,,
10429,HAJI FOODS,201 203 DUNSTABLE ROAD,,LU1 1DD, ,,
10529,HAKIKAT FOOD CENTRE LONDON,102-104 HIGH ST,,W3 6QX,LOND ON,,7749381136
10193,HALKO CASH AND CARRY LTD, UNIT 1. AERODROME FARM.,DALBY RD,LE13 0BL,LEIC ESTER,7385 589268,
10549,HAMID BIRMINGHAM,,,, ,,
10066,HAMIDIYE FOODS LTD,"
UNIT 3 PHOENIX HOUSE",TAYLOR LANE,M34 3NR,DENT ON, 7402 909554,
10431,HARLOW MARKET LTD,27 ADAMS HOUSE,EAST GATE,CM20 1BD,HARL OW,,
10232,HARRINGAY FOOD CENTRE,450-452 ST. ANN'S RD,,N15 3JH,LOND ON,, 07411 339
10455,HARVEST E1,103 BRICK LANE,, E1 6SE,LOND ON,,44 7767 320995
10042,HARVEST N1 LTD,102-106 ESSEX RD,,N1 8LU,LOND ON,,
10438,HARVEST N16, 172-174 STOKE NEWINGTON HIGH ST,,N16 7JL,LOND ON,, 07768 196900
10306,HARVEST N5,2-4 HIGHBURY COR,,N5 1RD,LOND ON,,+44 7767 320995
10349,HARVEST N8,159 TOTTENHAM LN,,N8 9BT,LOND ON,,
10271,HATCH LANE FOOD CENTRE, 39-43 HATCH LN,,E4 6LP,LOND ON,,
10402,HAYAT FOOD SUPERMARKET,496 CHURCH LANE,,NW9 8UA,KING SBURY,,
10512,HAYES FOOD CENTER,66-68 COLDHARBOUR LN,HAYES,UB3 3ES, ,,7983706160
10352,HELLO HARINGEY STORE LTD,473-475 GREEN LANES,,N4 1AJ,LOND ON, (020 8352 4955),07572 750089
10315,HEMEL FOOD CENTRE,147 MARLOWES,, HP1 1BB,HEME L HEMPSTEAD,,07533 375517
10206,HENDON INTERNATIONAL FOOD,8-10 VIVIAN AVE,,NW4 3YA,LOND ON,020 8201 5259 KULLANIMIYO,
10285,HENDON NATURAL MARKET,27 CHURCH RD,,NW4 4EB,LOND ON,,
10124,HI BAKLAVA,,,, ,7474 472880,
10291,HIGHAM PARK FOOD & WINE,5-8 THE BROADWAY PARADE,,E4 9LG,LOND ON,,
10447,HILAL SUPERMARKET,217 FORE STREET,,N18 2TZ,LOND ON,,
10183,HIVA SUPERMARKET,790 GREEN LANES,,N21 3RE,LOND ON,020 4537 3682,
10639,HKTN LIMITED,56 HKTN LTD BOX 13590,BISHOP S STORTFORD,CM23 9PZ,EAST  HERTS,,
10448,HMT FOOD AND WINE,465 SOUTHBURY ROAD,,EN3 4HX,ENFI ELD,,
10415,HOLBROOK SUPERMARKET,270 HOLBROOK COURT,,EN8 7SL,LOND ON,,
10331,HOLLAND BAZAAR LIMITED,15A. B. ELEY RD,,N18 3BB,LOND ON,,020 8887 9999
10065,HOUNSLOW BAZAAR LTD,86-92 HIGH ST,HOUNSLOW,TW3 1NH,LOND ON,7876 212741,
10213,HYPER FOOD CENTRE,3 BELL LN,,NW4 2BP,LOND ON,,
10423,IBRAHIM VANCI(BULGAR),,,, ,,
10413,IFOOD LTD,UNIT 3 METROPOLITAN PARK,,UB6 8UW,GREE NFORD,,
10025,IMPERIAL BUSINESS LIMITED,41-45 TURNPIKE LN, HARRINGAY LADDER,N8 0EP,LOND ON,,
10133,IMPERIAL FOOD & PACKAGING, UNIT 35A. MORELANDS TRADING ESTATE, BRISTOL RD,GL1 5RZ,GLOU CESTER,,
10044,INTERNATIONAL FOOD CENTRE LIMITED,562-564 ROMFORD ROAD,, E12 5AF,LOND ON,,
10373,INTERNATIONAL FOOD CENTRE-LEICESTER,43-49 BAR BOROUGH ROAD,,LE3 0LE,LEIC ESTER,,
10209,INTERNATIONAL SUPERMARKET LONDON,HIGH ST,, E17 7AB,LOND ON,020 8509 9557,
10403,INTERNATIONAL SUPERMARKET SOUTH WOODFORD,146-150 GEORGE LANE,,E18 1AY,LOND ON,,
10379,INTERNATIONAL SUPERMARKET WOODFORD,146-150 GEORGE LN,, E18 1AY,LOND ON,,
10587,IRMAK RESTAURANT,,,, ,,
10609,ISTANBUL BAZAAR,HERTFORD ROAD 319,EDMONTON,N9 7ET,LOND ON,,
10279,ISTANBUL MEGA MARKET, 30 GOLD STREET,,NN1 1RS,LOND ON,,
10573,ISTANBUL ORGANIC, 120-124 KING ST,,W6 0QP,LOND ON,,7934430083
10470,JOHN-MARBLE MAN,,,, ,,
10575,JON WHOLESALE LTD,UNIT 26 MAXWELL ROAD,,PE2 7JN,PETE RBOROUGH,,7709006164
10123,JURA TRADING,TRAFALGAR TRADING ESTATE,UNIT 5 JEFFREYS RD,EN3 7TY,ENFI ELD,7538 722120,
10619,KABANA LONDON LIMITED,151 QUEENS CRESCENT,,NW5 4ED,LOND ON,,7449994794
10624,KANVOL LIMITED,201-203 HACKNEY ROAD,,E28JL,LOND ON,,
10404,KAPADOKYA FOOD CENTRE,911-917 ROMFORD ROAD,,E12 5JT,LOND ON,,
10548,KCS CASH AND CARRY,UNIT 3. SILVERDALE INDUSTRIAL ESTATE,SILVERDALE RD,UB3 3BL,HAYE S,,
10187,KING'S FOOD CENTRE,99 HERTFORD RD,,N9 7EE,LOND ON,020 3602 9476,
10173,L7 VILLAGE MARKET, 110 PRESCOT RD,FAIRFIELD,L7 0JB,LIVE RPOOL,7453 276442,
10405,LA VALENTINO LTD,328 HIGH ROAD,,E11 3HS,LOND ON,,
10636,LAKES FOOD EURO LTD, UNIT 3. WEST LONDON BUSINESS PARK, 426 LONG DR,UB6 8UH,GREE NFORD,,
10087,LANLORD,,,, ,,
10251,LEA BRIDGE CONVENIENCE STORE,555 LEA BRIDGE RD,,E10 7EQ,LOND ON,,
10017,LEBANOS FOOD LTD,UNIT 1&1C BAGO HOUSE. 11-15 CHASE ROAD. PARK ROYAL,,NW10 6PT,LOND ON,0280 961 87 87,
10185,LEMON FOOD CENTRE,305-307 GREEN LANES,,N13 4YB,LOND ON,07828 601366,
10228,LEVISSI EXPRESS,396 KINGSLAND RD,,E8 4AA,LOND ON,,
10332,LEYTONSTONE MARKET, 33 CHURCH LN,BUSHWOOD,E11 1HG,LOND ON,020 8558 7587 NOT VALID,
10200,LIKYA SUPERMARKET,79 GOLDERS GREEN ROAD,,NW11 8EN,LOND ON,,
10646,LOBNAN STATION,23 A MINERVA ROAD,,NW106HJ,LOND ON,,
10304,LOCAL FAMILY SUPERMARKET,333-335 FOREST RD,,E17 5JR,LOND ON,,
10293,LOCAL FOOD & WINE,27 WINCHESTER RD,,E4 9LH,LOND ON,,
10287,LOCAL FOOD AND WINE,214 CHASE SIDE,ENFIELD,EN2 0QX,MIDD LESEX,,
10618,LOCAL FOOD EXPRESS LTD,47 GROUND FLOOR FORTESS ROAD,,NW5 1AD,LOND ON,,7853851225
10043,LOCAL SUPERMARKET,140-142 KINGSLAND HIGH STREET,,E8 2NS,LOND ON,,44 7447 408475
10238,LOCO FOOD CENTRE,134 W GREEN RD,SOUTH TOTTENHAM,N15 5AD,LOND ON,,
10249,LODAY LIMITED,430-432 GREEN LANE,,IG3 9LD,ILFO RD,,
10417,LONDIS DEANSBROOK,207 DEANSBROOK ROAD,,HA8 9BU, EDG WARE,,
10525,LONDON FIELDS EXPRESS,61-63 WESTGATE ST. LONDON E8 3RL,,E8 3RL,LOND ON,DELIVERY BETWEEN 09-13 30,7947669987
10250,LONGBRIDGE FOOD & WINE,572 LONGBRIDGE RD,,RM8 2AR,DAGE NHAM,,
10210,LUKS SUPERMARKET,230-240 STOKE NEWINGTON HIGH STREET,,N16 7HU,LOND ON, 07951 599757,
10388,LUTON MARKET LIMITED,31-33. WELLINGTON STREET,,LU1 2QH,LUTO N,,
10031,MAHIR AKARSU,,,, ,7479 823882,
10064,MANGO BEANS (WEST HENDON) LTD, 258 W HENDON BROADWAY,, NW9 6AG,LOND ON,,
10652,MARDINLI SEBO,SILVER STREET,,N18 1RP,LOND ON,,
10035,MARYLAND SUPERMARKET,23-25 LEYTONSTONE ROAD,,E15 1JA,LOND ON,,
10521,MASHA ALLAH FOOD CENTRE HAYES,51 STATION RD,,UB3 4BE,HAYE S,,7482611259
10029,MASS FOOD CENTRE,12-16 GREENGATE STREET,,E13 0AS,LOND ON,,
10540,MAXUM FOODS,43 PARK RD,,PE1 2TH,PETE RBOROUGH,,7460327132
10229,MAXXI FOODS CENTRE,46-48 HIGH ST,HIGH BARNET,EN5 5SJ,LOND ON,,
10278,MAXXI SAVE, 85 - 87 WEEDON RD,,NN5 5BG,NORT HAMPTON,,
10180,MAXXI SAVE INTERNATIONAL FOOD CENTRE, HARROW RD,WEMBLEY,HA9 6PG, ,,
10335,MAXY CASH AND CARRY LTD,UNIT 11 BOWMAN TRADING ESTATE,3565 WESTMORELAND ROAD,NW9 9RL,LOND ON,7749 487666,
10342,MAYA FOOD CENTRE,67 BURNT OAK BROADWAY,BURNT OAK, HA8 5EP,EDGW ARE,,
10538,MD'S NEW MARKET GROCERY,128 HIGH ST,NEWMARKET,CB8 8JP,CAMB RIDGE,,7502316153
10024,MEDI FOOD CENTRE LIMITED,84 BALLARDS LANE,, N3 2DL,LOND ON,,7595593025
10234,MEDWAY FOOD CENTRE,43 LUTON HIGH ST,,ME5 7LP,LOND ON,,
10383,MEGA FOOD CENTER, 179 BALLARDS LN,,N3 1LP,LOND ON,,
10316,MEGADEALS (FOODPLUS),327 LINCOLN ROAD,,PE1 2PF, ,,
10419,MEHAR SUPERSTORE,,,, ,,
10420,MEHAR SUPERSTORE,,,UB10 0NY, ,020 8848 7489,
10119,MELISSA FOOD CENTER,399 EDGWARE ROAD,,W2 1BT,LOND ON,,
10339,METRO FOOD CENTRE,262-264 HIGH ST,PONDERS END,EN3 4HB,ENFI ELD,020 8804 2124,079393311688 DUZGUN
10547,METRO MEAT,11 WHARF ROAD,,EN3 4TA,LOND ON,,
10214,MIDAN SUPERMARKET,500 GREENFORD RD,,UB6 8SH,GREE NFORD,,
10320,MILL HILL FOOD CENTRE, 15-17 THE BROADWAY,,NW7 3LN,LOND ON,,
10444,MINI MART,OXGATE COURT PARADE,COLES GREEN RD,NW2 7ET,LOND ON,,
10314,MINUTE GO,63-64 GRAND PARADE,GREEN LANES,N4 1AF,LOND ON,INFO@MINUTEGOGROCERY.CO.U,
10351,MIR FOOD CENTRE (QUEENSBURY), 201-203 STREATFIELD RD,STANMORE,HA3 9DA,HARR OW,,
10353,MIR FOOD CENTRE KINGSBURY, 451 KINGSBURY RD,, NW9 9DY,LOND ON,,
10476,MIR FOOD CENTRE-T/A VAKKAS LIMITED,135-141 SHENLEY ROAD,,WD6 1AH, ,,
10562,MK BAZAAR ERCAN,,,, ,,
10230,MONTAGUE SUPERMARKET,171-173 MONTAGUE RD.,, N18 2NA,LOND ON,,07860 5291
10655,MUBARAK VALLEY HOLDING GROUP LTD,85 GREAT PORTLAND STREET,FIRST FLOOR,W1W 7LT,LOND ON,,
10484,MURAT CALISAN,,,, ,,
10506,MURAT FOOD CENTRE,30-40 BATH ST,, NG1 1DF,NOTT INGHAM,,7766203907
10543,MURAT SUPERMARKET LTD,474-478 GREEN LANES,,N13 5PA,LOND ON,,7403478282
10604,MUSTAFA HAS,,,, ,,
10254,MY BEST LOCAL LTD,30 SR MATTHEWS STREET,,IP1 3EU, IPS WICH,,
10632,NAR LONDON LIMITED,67 CHATSWORTH DRIVE,,EN1 1EU,ENFI ELD,,
10258,NASZA RELY HATFIELD LTD,UNIT 3. 41-45 TOWN CENTRE,,AL10 0JJ,HATF IELD,,
10457,NAZ FOOD CENTRE,26 - 28. COLLEGE ROAD,,HA1 1BE,HARR OW,,
10221,NAZAR FOOD CENTRE,221-223 LEA BRIDGE ROAD,,E10 7NE,LOND ON,,
10310,NAZAR SUPERMARKET,657-663 HIGH RD,TOTTENHAM,N17 8AA,LOND ON,,
10493,NECO TANTUNI,4 BRICK LN,,EN3 5BA,ENFI ELD,,
10474,NEMM FOODS LTD,488-490 CHURCH ROAD,NORTHOLT,UB5 5AU, ,,
10406,NERGIZ FOOD CENTRE,498 HOE STREET,,E17 9AH,LOND ON,,
10440,NEW ACCOUNT-440,,,, ,,
10491,NEW BROMLEY FOOD CENTRE,237 HIGH ST,,BR1 1NZ,BROM LEY,,7896064036
10561,NEW IDEA BOOKS LTD,59 EDGCOT GROVE,,N15 5HE, ,,
10153,NEW ISTANBUL,SOUTH HAMPSTEAD,,NW3 5EP,LOND ON,020 7483 4767,
10313,NEW MALDEN FOOD CENTRE,142-144 HIGH STREET,,KT3 4EP,NEW  MALDEN, 7749 487666,
10256,NEWHAM LOCAL,,,E6 2HJ, ,,
10049,NEWTONS INTERNATIONAL SUPERMARKET,21-22 CENTRAL PARADE,NEW ADDINGTON,CR0 0JB,CROY DON,7424 716098,
10570,NEWWEST SIMPLY FOOD AFRICAN FOOD,183 MARSH RD. LUTON,,LU3 2QQ, ,,7766661500
10467,NISA LOCAL,,,, ,,
10468,NISA LOCAL,47-49 THE BROADWAY,DEBDEN,IG10 3SX,LOUG HTON,,
10416,NISA LOCAL,500 WHITE HEART LANE,,N17 7NA,LOND ON,,
10526,NISA LOCAL BARKING,531 BARKING RD,, E13 9EZ,LOND ON,,7752197218
10050,NISA LOCAL FINSBURY PARK,UNIT 2-3. CLIFTON HOUSE. 42-43 CLIFTON TERRACE,,N4 3JP,FINS BURY PARK,,7798633903
10475,NISA LOCAL LOUGHTON,66-70 BORDERS LN,,IG10 3QX,LOUG HTON,,
10134,NOKTA FOOD CENTER,210 FOR STREET,,N18 2QE,LOND ON,,
10281,NORTHWEST SUPERMARKET,293-295 STATION RD,,HA1 2TA,HARR OW,,
10508,NOTTINGHAM BAZAAR CASH & CARRY, 171-173 HUCKNALL RD, SHERWOOD,NG5 1FD,NOTT INGHAM,,7787871275
10522,NUR FOOD CENTRE HAYES,59 STATION RD,,UB3 4BE-,HAYE S,,7946310119
10595,O2 CATERING LIMITED,UNIT 16,RIVERWALK BUSINESS PARK,EN3 7QN,ENFI ELD,,
10223,OAKWOOD FOOD CENTER, 67-69 BRAMLEY RD,,N14 4EY,LOND ON,,
10368,OCKENDON INTERNATIONAL FOOD CENTRE,30 DERRY AVE,,RM15 5DZ,SOUT H OCKENDON,,
10613,OLD SPAR,24 CLIFTON HATCH,,CM18 7FF,HARL OW,,
10536,OMER VAN,,,, ,,
10488,ONCU FOOD CENTER - LETCHWORTH,11 EASTCHEAP, LETCHWORTH GARDEN CITY,SG6 3DA,HERT FORDSHIRE,,
10218,ONCU FOOD CENTER-EDMONTON,418-422 HERTFORD ROAD,,N9 8AA,LOND ON,,07816 988586
10434,ONCU FOOD CENTRE - HORNCHURCH,39 HIGH STREET,,RM11 1TP,HORN CHURCH,,
10212,ONCU FOOD CENTRE 2 LTD.-ENFIELD,846-854 HERTFORD RD,, EN3 6UD,LOND ON,, 07824 772908
10489,ONCU HOME, 428-432 HERTFORD RD,,N9 8AA,LOND ON,,
10270,ONE STOP, 38 STATION WAY, BUCKHURST HILL,IG9 6LN, ,,
10513,ORDU - ONE SUPERMARKET,42-44 WESTBURY AVE,,N22 6RS, ,7488503573,020 8881 5772
10327,OXLANE FOOD CENTRE,229-233 OXLOW LANE,,RM10 7YA,DAGE NHAM,,
10566,OZ CANLAR LTD,115-117 SILVER ST,,N18 1RG,LOND ON,,
10321,OZ DICLE UK-ZULFO,,,, ,7376 129494,
10589,OZ TOTTENHAM SUPERMARKET ( OZDILLER ),467 - 469 HIGH ROAD,,N17 6QA,LOND ON,,
10312,OZDILLER CASH & CARRY, 15-17 ARCOLA ST,, E8 2DJ,LOND ON,,
10480,OZGUR FOOD CENTRE,219-221 HERTFORD RD,,EN3 5JL,ENFI ELD,,7447426485
10356,PARADISE FOOD & WINE, 550-552 HERTFORD RD,, EN3 5ST,ENFI ELD,,
10407,PARMA INTERNATIONAL CATERING SUPPLIES LTD,UNIT 6-6A WASHINGTON STREET,,DY2 9PH,WEST  MIDLANDS,,
10056,PAVLEEN INTERNATIONAL LTD,779-781 HERTFORD ROAD,ENFIELD,EN3 6SE,LOND ON,,
10553,PAZARCIKLI ALI SUMER,,,, ,,7545705527
10106,PDM PRODUCE LTD(LANLORD)-DEPOSIT,,,, ,,
10276,PERSIA SUPERMARKET,183-191 BALLARDS LN,,N3 1LP,LOND ON,020 3115 0010,
10329,PERVIN FOOD CENTRE,1 EMPIRE PARADE,GREAT CAMBRIDGE RD, N18 1AA,LOND ON,, 07749 848024
10317,PETERBOROUGH SHOPPING CENTRE LTD (THE BLUE SHOP),317 LINCOLN ROAD,,PE1 2PH, ,,
10021,PLANET FOOD,298 SEVEN SISTERS RD,FINSBURY PARK,N4 2AG, ,020 8374 1598,
10486,PLANT LOVE ORGANIC LTD,UNIT 13. OZDIL HOUSE,RIVER WAY,CM20 2DR,HARL OW,,
10635,PRAQMATIA LTD,DOMINION HOUSE,NORTH CIRCULAR ROAD,NW2 7AX,LOND ON,,7530417130
10412,PREMIER,17-18 THE STOW,,CM20 3AH,LOND ON,,
10154,PREMIUM CREDIT LTD(ARAC SIGORTA),,,, ,,
10195,PRESTIGE SUPERMARKET,350-352 QUEENSBRIDGE ROAD,,E8 3AR,LOND ON,,
10376,PRIME CASH&CARRY LONDON LTD,24 RIGG APPROACH,,E10 7QN,LEYT ON,,
10428,PRIME SUPERMARKET,UNIT 3A 326 -340,DUNSTABLE ROAD,LU4 8JS, ,,
10382,RAINBOW CASH AND CARRY, 9 ELEY RD,,N18 3BB,LOND ON, 7826 800818,
10182,RANYA FOOD CENTRE, 141-143. 145 KILBURN HIGH RD,NORTH MAIDA VALE, NW6 7HT,LOND ON,,
10303,RAYNER'S FOOD CENTRE,416-420 RAYNER'S LANE,,HA5 5DY, ,,
10621,REDSTAR FOOD SERVICE LTD,26 BRUNEL WAY FAREHAM,,PO15 5SD,PORT SMOUTH,,7883301451
10120,REDSTAR***,,,, ,,
10546,ROCKS FOODS LTD,143-144 COMMERCIAL ROAD, NEWPORT,NP20 2PJ,GWEN T NP20 2PJ,,
10157,ROSE SUPERMARKET,342 LORDSHIP LANE,,N17 7QX, LON DON,7487 630797,
10362,RUISLIP FOOD CENTRE,53-55 HIGH ST,,HA4 7BD,RUIS LIP,,
10341,RUSHDEN FOOD CENTRE,12 HIGH ST,RUSHDEN,NN10 0PR, ,,
10227,S & D STORES,7-10 SILKSTREAM PARADE,,HA8 0EJ,EDGW ARE,,
10650,SAFEWAY DISTRIBUTION LTD,,,IG11 0SH,LOND ON,,
10456,SAGE GLOBAL,,,, ,,
10092,SAHAR FOOD CENTER,,,NW10 4SL,LOND ON,,
10237,SAHIN FOOD CENTRE,SOLAR HOUSE. 37STSTION RD,, N22 6AF,LOND ON,, (CAFER 07972 322167)
10569,SAIS SERVICES LTD,1 ROYAL MINT PLACE,,E1 85LS,LOND ON,,
10584,SAM SWEETS UK LTD,129 STATION ROAD,,NW4 4NJ,LOND ON,,
10516,SAMA FOOD UK,580 GREEN LANES,,N8 0RP,LOND ON,,
10551,SANDEEP C&C,,,, ,,
10557,SATNAM ENTERPRISE UK LTD,UNIT-J9. GRAND UNION WAY,SOUTHALL,UB2 4EX,LOND ON,,
10263,SAVEWAY EXPRESS,194 PITFIELD ST,,N1 6JP,LOND ON,,
10453,SELINA QUALITY FOOD MARKET, 239-243 E BARNET RD,BARNET,EN4 8SS,LOND ON,,
10445,SERHAT OFF LICENCE, 141 CRICKLEWOOD BROADWAY,,NW2 3HY,LOND ON,,
10530,SHADI FOOD CENTRE,241-245 HIGH ST,,W3 9BY,LOND ON,07444 218916,
10421,SHAM HOUSE,22-24 MANDEVILLE RD,,UB5 5BL, NOR THOLT,,
10366,SHAM LAND SUPERMARKET, 330 UXBRIDGE RD,,W12 7LL,LOND ON,,
10645,SHEELPA EXPRESS LTD,389 ORDNANCE RD,ENFIELD,EN3 6HN,LOND ON,,
10544,SHIVSAGAR ENTERPRISES LIMITED,46 ELLISON GARDENS,,UB2 4EW,LOND ON,,
10226,SHOPOINT STORE (WINCHMORE HILL),6-8 THE GREEN,,N21 1AY,LOND ON,,07467 853958
10610,SIDAR TRADING LTD T/A MONACO FOOD AND WINE,92 OLD OAK COMMON LN,,W3 7DA,LOND ON,,7540273410
10199,SILVERPOINT FOOD CENTRE,88-90 FORE ST,,N18 2SL,LOND ON,,
10161,SIMGE FOOD CENTRE LTD,190-192 HIGH RD.,, E11 3HU,LOND ON,,
10408,SIRWAN ARIANA LTD,415-417 LORDSHIP LANE,,N17 6AG,LOND ON,,
10378,SIRWAN FOOD CENTRE PALMERS GREEN, 5 GREEN LANES,,N13 4TT,LOND ON,,
10427,SK FOODS,320 324 DUNSTABLE ROAD,,LU4 8JP, ,,
10627,SKY CASH AND CARRY UK LTD,UNIT 2 HOTSPUR INDUSTRIAL ESTATE,WEST ROAD,N17 0XJ,LOND ON,,
10459,SOLMAZ SUPPLIER LTD,UNIT 6. NEW SUNBEAM INDUSTRIAL ESTATE,COMMONS ROAD,T23 F244,BLAC KPOOL CORK,,
10495,SOUTH HARROW FOOD CENTRE,254 NORTHOLT ROAD,HARROW,HA2 8DZ, ,07428 141396,
10377,SOUTHGATE FOOD CENTRE, 30-32 CHASE SIDE,, N14 5PA,LOND ON,,
10644,SPARKIE LONDON LTD,105 BRANTWOOD ROAD,EDMONTON,N17 0DX,LOND ON,,
10533,SS FOODS CENTRE LIMITED,84 KING STREET,,CB1 1LN,CAMB RIDGE,7747 663940 NECMETTIN BEY,
10046,SSL CASH AND CARRY LTD,308 SOUTHEND ROAD,,SS11 8QW, ,,
10054,STATION FOOD CENTRE LTD,314 STATION ROAD,HARROW,HA1 2DX,ENGL AND,,
10454,SUN EXOTIC WHOLESALE LTD,UNIT 6 MAYFIELD FARM,SHEERING ROAD,CM17 0JP,HARL OW,,
10542,SUN PLUS LIMITED,HYDE WORKS,BRANTWOOD RD,N17 0DX,LOND ON,,
10061,SUPERIOR PRODUCE LTD (EROL AKARSU),,,, ,7540 992632,
10358,SUPERMART CHINGFORD, 2-8 WINCHESTER RD,,E4 9LN,LOND ON,,07717 836984
10641,SUPERTOUCH LTD,869 HIGH ROAD,,N17 8EY,LOND ON,,
10022,TADIM PATISSERIE LTD,DEMSA ACCOUNTS 565 GREEN LANES,,N8 0RL,LOND ON,7312 034926,
10560,TANRISEVEN LTD,418 STREATHAM HIGH ROAD,,SW16 3SN,LOND ON,,
10240,TAPUACH,108-110. BRENT ST,,NW4 2HH,LOND ON,,
10208,TEHRAN SUPERMARKET,30 VIVIAN AVE,, NW4 3XP,LOND ON,,
10394,TFC CROYDON,73-77 LONDON ROAD,,CR0 2RF,CROY DON,,
10041,TFC DALSTON,89 RIDLEY RD,,E8 2NH,LOND ON,7950 435888,
10152,TFC EDGWARE,104 BURNT OAK BROADWAY. BURNT OAK. EDGWARE,,HA8 0BE,LOND ON,,
10241,TFC EDMONTON,363 FORE ST,,N9 0NR,LOND ON,,
10242,TFC PALMERS GREEN,88 GREEN LANES,,N13 5UP,LOND ON,7378286991,
10131,TFC WALTHAM CROSS SUPERMARKET LTD,99 HIGH ST.,,EN8 7AN,WALT HAM CROSS, 01992 700055,
10559,TGS CHILLED FOODS LTD,UNIT 31. SILICON BUSINESS CENTRE.,28 WADSWORTH RD. PERIVALE GREENFORD,UB6 7JZ,LOND ON,,7809717444
10034,THAMES C&C LTD,UNIT 6 COMMERCE PARK,19 COMMERCE WAY,"CR0 4YL,",CROY DON,"02036573717,,",
10176,THE BLACK AND WHITE HORSE LTD**,,,, ,7865 434822,
10063,TIGRIS FOOD CENTRE, 77-79 BURNT OAK BROADWAY,BURNT OAK,HA8 5EP,EDGW ARE,,
10262,TOTTENHAM FOOD & WINE,100 BRUCE GROVE,TOTTENHAM,N17 6UZ,LOND ON,,
10255,TOTTENHAM FOOD CENTER,4 WALTON ROAD,, N15 4PP, ,,
10184,TOWN MARKET,31-33 SILVER ST,,EN1 3EF,ENFI ELD,,
10188,TRENT PARK LOCAL EXPRESS(LANCASTER MARKET),189 BRAMLEY RD,,N14 4XA,LOND ON,020 8363 4317,
10523,TRIPLETS GROCERY LTD,,,HA2 7SR, ,,7900825960
10300,TWICKEHNAM FOOD LTD,103-109 HEATH ROAD,TWICKENHAM,TW1 4AZ,MIDD LESEX,,
10389,UMRAH SUPERMARKET HUDDERSFIELD,10 TRINITY ST,,HD1 4DA,HUDD ERSFIELD,,
10374,UMRAH SUPERMARKET-LEICESTER,200 HASTINGS ROAD,,LE5 0HL,LEIC ESTER,,
10322,UMRAH SUPERMARKET-NORTHAMPTON,26-28 HARLESTON ROAD,,NN5 7AE,NORT HAMPTON,,
10626,UNITED FRUIT & VEG LIMITED,32 FIRST AVENUE,EDMONTON,N18 3PH,LOND ON,,
10466,UNKNOWN PAYMENT,,,, ,,
10058,UPPERCUT BARBERS,273 UPPER RICHMOND RD,,SW15 6SP,LOND ON, 7768 665120,
10409,VELDA CASH ACCOUNT,,,, ,,
10280,VILLAGE FOOD CENTRE, 13 STRATFORD RD,WOLVERTON,MK12 5LJ,MILT ON KEYNES,,
10192,VILLAGE FOOD CENTRE BARNET,108 HIGH STREET,CHIPPING BARNET,EN5 5XQ,LOND ON,,
10105,VILLAGE FOOD CENTRE CHINGFORD,244-246 CHINGFORD MOUNT RD,,E4 8JL,LOND ON,SAIT - 07448 049680,
10340,WAY 2 SAVE, WATFORD WY,, NW4 3JH,LOND ON,,
10205,WAY 2 SAVE HENDON,WATFORD WY,,NW4 3JH,LOND ON,,
10038,WAY 2 SAVE NEASDEN, 295-299 NEASDEN LN,,NW10 1QR,LOND ON,,
10531,WAY 4 SAVE WATFORD, 179-181 ST ALBANS RD,,WD24 5BD,WATF ORD,,7885390573
10198,WAY2SAVE BARKING, 147 RIPPLE RD,,IG11 7PW,BARK ING,,
10086,WAY2SAVE HARLESDEN,37-41 HIGH S,,NW10 4NE, ,020 8961 3057,07708 156348 HAYDAR TUNC
10207,WEMBLEY PARK FOOD CENTER,41-43 BRIDGE RD,WEMBLEY PARK,HA9 9AG,LOND ON,,
10385,WEST GREEN ROAD INTERNATIONAL FOOD CENTER,4 VICARAGE PARADE,W GREEN ROAD,N15 3BL,LOND ON,,
10323,WESTMORE WHOLESALE,UNIT 2. TILE KILN FARM,BURNT FARM RIDE,EN2 9DY,LOND ON, 7950 105540,
10222,WHERE 2 SAVE,380-386 CRANBROOK RD,, IG2 6HW,GANT S HILL,,
10422,WHOLE FOOD CENTER, 670 HIGH RD,LEYTON,E10 6JP,LOND ON,,
10541,WOOD STREET SUPERMARKET,173 WOOD ST. LONDON,,E17 3NU,LOND ON,,
10393,WOODFORD SUPERMARKET,399-401 HIGH ROAD,,IG8 0XG,WOOD FORD GREEN,,
10143,WOODLANE SUPERMARKET(MIRKAN TRADING LTD),86 WOODLANE,,RM9 5SL,DAGE NHAM,,
10033,YAGMUR INTERNATIONAL FOOD CENTRE,518-520 LORDSHIP LANE,,N22 5DD,LOND ON,020 8826 3267,
10299,YAGMUR OFF LICENSE (ROHAT EXPRESS LTD),71 RUSSEL LANE,,N20 0BB, ,(0203 645 7947),07915 197487
10084,YAYLA FOOD CENTRE-TOTHENAM,180A FORE STREET,, N18 2JB,LOND ON,CAN / ATES - 07378 275777,
10191,YILDIZ FOOD CENTER-EDMONTON,584 HERTFORD RD,,N9 8AH,LOND ON,07891 891254,
10136,YUSA LTD,,,, ,,
10175,ZAGROS FOOD CENTRE (DUZA LTD)***,,,, ,,
10062,ZER FOOD CENTRE (SILO LTD),260 PRESTON ROAD,WEMBLEY,HA3 0PY,HARR OW,,
10026,ZEYROJ SOFT DRINKS LTD,214 BAKER STREET,,EN1 3JT,LOND ON,,
10284,ZINI FOOD CENTER, 301-303 NORTHOLT RD,,HA2 8JA,HARR OW,,
10653,***,,,, ,,
