Code,Description,Qty,Size,Price [C],VAT,UNIT1,UNIT2
105095,HOT CHICKEN RAMEN MULTI,8,140GRX5,37.99,0,PCS,BOX
106936,DOUBLE SPICY HOT CHICKEN RAMEN MULTI,8,140GRX5,37.99,0,PCS,BOX
107453,ZZAL DDUCK SNACK,24,120GR,28.99,0,PCS,BOX
107766,HOT CHICKEN FLAVOUR RICE CAKE,16,185GR,34.99,0,PCS,BOX
107928,KIMCHI HOT CHICKEN RAMEN,8,135GRX5,37.99,0,PCS,BOX
107982,EXTREME BULDAK SAUCE,24,200GR,39.99,0,PCS,BOX
108674,HOT CHICKEN RAMEN HABANERO LIME(M),8,135GRX5,37.99,0,PCS,BOX
108842,HOT CHICKEN RAMEN HABANERO LIME BIG BOWL,16,110GR,27.99,0,PCS,BOX
20001,VELDA GREEN JALAPENO PICKLES PM1.39,6,720ML,5.39,0,PCS,BOX
20005,VELDA GREEN JALAPENO PICKLE,6,1700ML,13.99,0,PCS,BOX
20010,VELDA HOT BABY PEPPER PICKLE PM1.59,6,720ML,5.99,0,PCS,BOX
20015,VELDA HOT BABY PEPPER PICKLE,6,1700ML,13.99,0,PCS,BOX
20020,VELDA HOT PEPPER PICKLE PM1.59,6,720ML,5.99,0,PCS,BOX
20025,VELDA HOT PEPPER PICKLE,6,1700ML,13.99,0,PCS,BOX
20031,VELDA MIXED VEGETABLE PICKLE PM1.19,12,720ML,9.49,0,PCS,BOX
20038,VELDA MIXED VEGETABLE PICKLE,4,4LT,12.8,0,PCS,BOX
20043,VELDA CUCUMBER PICKLE (CORNISHON) SIZE:0 PM1.99,12,720ML,15.49,0,PCS,BOX
20044,VELDA CUCUMBER PICKLE (CORNISHON) SIZE:2 PM1.29,12,720ML,9.99,0,PCS,BOX
20063,VELDA SMOOTH CUCUMBER PICKLES SIZE:1 PM 1.99,12,720ML,15.99,0,PCS,BOX
20065,VELDA SMOOTH CUCUMBER PICKLES SIZE:2 PM3.49,6,1700ML,13.99,0,PCS,BOX
20091,VELDA LOMBARDI PEPPER PICKLES PM1.49,12,720ML,11.99,0,PCS,BOX
201008,NESTLE DAMAK ALA CHOCO WAFER PISTACHIO,12,30GR,7.99,20,PCS,PACK
201009,NESTLE DAMAK FINE CHOCOLATE PISTACHIO,6,60GR,5.99,20,UNIT,BOX
20101,VELDA RED CHILLI PEPPER PICKLES PM1.79,12,720ML,14.49,0,PCS,BOX
201010,NESTLE DAMAK BAKLAVA,6,60GR,5.99,20,UNIT,BOX
201012,NESTLE DAMAK DARK CHOCOLATE,6,60GR,5.99,20,UNIT,BOX
201013,NESTLE DAMAK WHITE CHOCOLATE PISTACHIO,6,60GR,5.99,20,UNIT,BOX
201016,NESTLE NESQUIK WAFER,30,26.7GR,8.49,20,UNIT,BOX
201020,NESTLE 1927 HAZELNUT WAFER,12,31GR,4.49,20,UNIT,BOX
201021,NESTLE 1927 MILKY WAFER,12,28GR,4.49,20,UNIT,BOX
201022,NESTLE 1927 BITTER WAFER,12,28GR,4.49,20,UNIT,BOX
201023,NESTLE CRUNCH WAFER,30,30GR,8.49,20,UNIT,BOX
201025,NESTLE CRUNCH WAFER PM,20,17GR X 5,18.49,20,UNIT,BOX
201026,NESTLE NESQUICK WAFER,20,19GR X 5,18.49,20,PACK,BOX
201033,NESTLE DAMAK CARAMEL CROQUANT,6,60GR,5.99,20,UNIT,BOX
201034,NESTLE DAMAK TURKISH DELIGHT,6,60GR,5.99,20,UNIT,BOX
20111,VELDA FRENK PEPPER PICKLES PM1.59,12,720ML,12.49,0,PCS,BOX
20121,VELDA GIARDINIERA PICKLE PM1.49,12,720ML,11.99,0,PCS,BOX
20141,VELDA CABBAGE PICKLE PM1.29,12,720ML,9.99,0,PCS,BOX
20201,VELDA ROASTED AUBERGINE PM1.29,6,580ML,5.1,0,PCS,BOX
20202,VELDA ROASTED AUBERGINE PM1.49,6,720ML,5.99,0,PCS,BOX
20204,VELDA ROASTED AUBERGINE PM1.49,12,720ML,11.99,20,PCS,BOX
20205,VELDA ROASTED EGGPLANT JAR,3,2650ML,9,0,PCS,BOX
20209,ROASTED AUBERGINE,6,A10 TIN,0,0,UNIT,BOX
20227,VELDA ROASTED RED PEPPER PM1.99,12,720ML,15.6,0,PCS,BOX
20331,VELDA GREEK PEPPER TURSU TIN 14KG (5KG NET),1,14KG,9.99,0,UNIT,BOX
20501,VELDA LEMON DRESSING,20,500ML,8.99,0,PCS,BOX
30001,OLEA BLACK OLIVES IN SAUCE-VACUUM (SIYAH SOSLU),16,150GR,15.99,0,PCS,BOX
30005,OLEA BLACK OLIVES IN OIL-VACUUM (YAGLI SELE),16,150GR,15.99,0,PCS,BOX
30009,OLEA BLACK OLIVES IN OIL LOW SALT-VACUUM (AZ TUZLU),16,150GR,15.99,0,PCS,BOX
30010,OLEA BLACK OLIVES IN SAUCE-VACUUM (SIYAH SOSLU),20,300GR,24.99,0,PCS,BOX
30015,OLEA BLACK OLIVES IN OIL-VACUUM (YAGLI SELE),20,300GR,24.99,0,PCS,BOX
30020,OLEA STUFFED GREEN OLIVES-VACUUM (BIBERLI),16,150GR,15.99,0,PCS,BOX
30025,OLEA STUFFED GREEN OLIVES IN SAUCE-VACUUM (BIBERLI SOSLU),16,150GR,15.99,0,PCS,BOX
30030,OLEA STUFFED GREEN OLIVES-VACUUM (BIBERLI),20,300GR,34.99,0,PCS,BOX
30040,OLEA SCRATCHED GREEN OLIVES-VACUUM (CIZIK),16,150GR,15.99,0,PCS,BOX
30045,OLEA SCRATCHED GREEN OLIVES IN SAUCE-VACUUM (SOSLU CIZIK),16,150GR,15.99,0,PCS,BOX
30050,OLEA SCRATCHED GREEN OLIVES-VACUUM (CIZIK),20,300GR,28.99,0,PCS,BOX
30060,OLEA CRACKED GREEN OLIVES-VACUUM (KIRMA),16,150GR,15.99,0,PCS,BOX
30065,OLEA CRACKED GREEN OLIVES IN SAUCE-VACUUM (SOSLU KIRMA),16,150GR,15.99,0,PCS,BOX
30070,OLEA CRACKED GREEN OLIVES-VACUUM (KIRMA),20,300GR,28.99,0,PCS,BOX
30080,OLEA GRILLED GREEN OLIVES-VACUUM (IZGARA),16,150GR,19.99,0,PCS,BOX
30090,OLEA BLACK OLIVES IN OIL-VACUUM (YAGLI SELE),24,500GR,49.99,0,PCS,BOX
30095,OLEA BLACK OLIVES IN OIL-VACUUM (YAGLI SELE),12,1KG,41.99,0,PCS,BOX
30100,OLEA DRY BLACK OLIVES-PET (KURU SELE),6,400GR,20.99,0,PCS,BOX
30150,OLEA BLACK OLIVES IN OIL GOLD-PET (YAGLI SELE),6,1KG,44.99,0,PCS,BOX
30155,OLEA BLACK OLIVES IN OIL-PET (YAGLI SELE),6,1KG,27.99,0,PCS,BOX
30175,OLEA SCRATCHED GREEN OLIVES-PET (CIZIK),6,1KG,35.94,0,PCS,BOX
30180,OLEA CRACKED GREEN OLIVES-PET(KIRMA),6,1000ML,35.94,0,PCS,BOX
30200,OLEA GRILLED GREEN OLIVES IN OIL-JAR (IZGARA),12,500ML,24.99,0,PCS,BOX
30205,OLEA GRILLED GREEN OLIVES IN OIL-JAR (IZGARA),6,1000ML,24.99,0,PCS,BOX
30210,OLEA CRACKED GREEN OLIVES-JAR (KIRMA),6,1KG,34.99,0,PCS,BOX
30215,OLEA SCRATCHED GREEN OLIVES-JAR (CIZIK),6,1000ML,18.99,0,PCS,BOX
30220,OLEA CRACKED GREEN OLIVES-JAR (KIRMA),6,1600ML,33.99,0,PCS,BOX
30225,OLEA SCRATCHED GREEN OLIVES-JAR (CIZIK),6,1600ML,33.99,0,PCS,BOX
B.018429,DALIN BABY SHAMPOO,4,900ML*6,95.76,20,UNIT,BOX
B.019238,REKOLTE RED LENTIL,1,5KG,9.99,0,UNIT,BOX
B.020368,MAKAROMA PASTA FUSILLI,20,500GR,19.8,0,PCS,BOX
B.020370,MAKAROMA PASTA SPAGHETTI,20,500GR,19.8,0,PCS,BOX
B.020371,MAKAROMA PASTA LINGUINE,20,500GR,19.8,0,PCS,BOX
B.020372,MAKAROMA PASTA FARFALLE,20,500GR,19.8,0,PCS,BOX
B.020490,MAKAROMA PASTA PENNE,20,500GR,19.8,0,PCS,BOX
B.020508,ULKER PETIBOR CIFTE KAVRULMUS,10,450GR,9.99,0,PCS,BOX
B.020539,OLEA BLACK OLIVES LESS SALT 291-320CLB-(S),6,800GR,29.99,0,UNIT,BOX
B.020540,OLEA BLACK OLIVES 321-350CLB-(XS),6,800GR,29.99,0,UNIT,BOX
B.020541,OLEA OLIVES YAGLI SELE 261-320 CLB-(MS),6,800GR,29.99,0,UNIT,BOX
B.020610,ONCU TOMATO PASTE,12,370GR,11.49,0,UNIT,BOX
B.021013,SOSI APPLE VINEGAR,12,1LT,11.99,0,UNIT,BOX
B0018,KIKKOMAN SOY SAUCE,12,250ML,29.99,0,PCS,BOX
B0019,KIKKOMAN SWEET SOY SAUCE,6,250ML,14.99,0,PCS,BOX
B0026,KIKKOMAN LESS SALT SOY SAUCE DISPENSER,6,150ML,14.99,0,PCS,BOX
B0035,KIKKOMAN SOY SAUCE DISPENSER,12,150ML,29.99,0,PCS,BOX
B0038,KIKKOMAN LESS SALT SOY SAUCE,6,250ML,16.99,0,PCS,BOX
B0089,KIKKOMAN TAMARI GLUTEN FREE SOY SAUCE,6,250ML,16.99,0,PCS,BOX
B2123,KIKKOMAN PONZU CITRUS SOY SAUCE,6,250ML,16.99,0,UNIT,BOX
B7023,KIKKOMAN TERIYAKI SAUCE,6,250ML,16.99,0,PCS,BOX
B8051,KENKO MAYONNAISE,20,500GR,74.99,0,PCS,BOX
C10134,ANKARA MAKARNA TEL SEHRIYE,20,500GR,,0,PCS,BOX
C10158,BOUNTY,24,57GR,9.99,0,PCS,BOX
C10200,COCA COLA CAN EURO,24,330ML,9.99,20,PCS,BOX
C10201,COCA COLA DIET CAN GB,24,330ML,9.99,20,PCS,BOX
C10206,COCA COLA ZERO CAN,24,330ML,9.99,20,PCS,BOX
C10207,COCA COLA DIET GLASS,24,330ML,19.99,20,PCS,BOX
C10233,DR PEPPER CAN,24,330ML,,20,PCS,BOX
C10271,EVIAN WATER,6,1.5LT,4.2,20,PCS,BOX
C10272,EVIAN WATER,24,500ML,8.99,20,PCS,BOX
C10273,FANTA LEMON CAN,24,330ML,9.99,20,PCS,BOX
C10276,FANTA ORANGE CAN,24,330ML,9.99,20,PCS,BOX
C10349,OASIS CITRUS PUNCH,12,500ML,9.99,20,PCS,BOX
C10350,OASIS SUMMERFRUIT,12,500ML,9.99,20,PCS,BOX
C10351,OATLY BARISTA,6,1LT,9.49,0,PCS,BOX
C10419,REDBULL,24,250ML,19.99,20,PCS,BOX
C10420,REDBULL JUNEBERRY - BLUE PM1.55,12,250ML,9.49,20,PCS,BOX
C10421,REDBULL APRICOT CAN PM1.55,12,250ML,9.99,20,PCS,BOX
C10422,REDBULL COCONUT WHITE PM1.55,12,250ML,9.49,20,PCS,BOX
C10437,SAN PELLEGRINO ARANCIATA,24,330ML,11.99,20,PCS,BOX
C10438,SAN PELLEGRINO ARANCIATA ROSSA,24,330ML,11.99,20,PCS,BOX
C10439,SAN PELLEGRINO LEMONADE,24,330ML,13.99,20,PCS,BOX
C10440,SAN PELLEGRINO SPARKLING WATER,24,500ML,11.99,20,PCS,BOX
C10446,SNICKERS ORIGINAL,40,50GR,14.99,0,UNIT,BOX
C10455,SPRITE CAN,24,330ML,9.49,20,PCS,BOX
C10524,VITA COCO COCONUT WATER,6,1LT,9.99,20,PCS,BOX
C10526,VOLVIC WATER,6,1.5LT,4,20,PCS,BOX
C10527,VOLVIC WATER,24,500ML,7.49,20,PCS,BOX
C10542,VOLVIC SPORT CAP WATER,12,1LT,7.99,20,PCS,BOX
C10543,SAN PELLEGRINO POMPELMO,12,330ML,5.99,20,PCS,BOX
C10601,REDBULL CACTUS GREEN PM1.55,12,250ML,9.49,20,PCS,BOX
C10602,REDBULL WATERMELON RED PM1.55,12,250ML,9.49,20,PCS,BOX
C10603,REDBULL TROPICAL CAN PM1.55,12,250ML,9.99,20,PCS,BOX
C10606,REDBULL FOREST FRUIT PINK PM1.55,12,250ML,9.49,20,PCS,BOX
C10607,HIGHLAND SPRING SPARKLING PET,12,1.5LT,8.99,20,PCS,BOX
C10608,SAN PELLEGRINO POMEGRANTE ORANGE,12,330ML,5.99,20,PCS,BOX
C10609,COCA COLA CAN GB,24,330ML,,20,PCS,BOX
C10610,COLA GAZA,24,250ML,11.49,20,PCS,BOX
C10613,DR PEPPER CAN,24,330ML,9.99,20,PCS,BOX
C10614,MIRINDA ORANGE CAN,24,330ML,7.99,20,PACK,BOX
C10615,SUPERMALT CAN,24,500ML,,20,PCS,BOX
C10616,PEPSI MAX CAN,24,330ML,7.49,20,PCS,BOX
C10617,RUBICON PASSION,12,1LT,13.99,20,PCS,BOX
C10618,RUBICON MANGO,12,1LT,12.99,20,PCS,BOX
C10619,EVIAN SPORT CAP,12,750ML,8.99,20,PCS,BOX
C10620,SAKA WATER,2,5LT,2.49,20,PCS,BOX
C10621,PERRIER GLASS,24,33CL,12.99,20,PCS,BOX
C10622,PERRIER GLASS,12,750ML,11.99,20,PCS,BOX
C10623,JUST JUICE APPLE,12,1LT,12.49,20,PCS,BOX
C10624,JUST JUICE ORANGE,12,1LT,12.49,20,PCS,BOX
C10625,JUST JUICE PINEAPPLE,12,1LT,12.49,20,PCS,BOX
C10626,COLA ZERO,12,500ML,9.99,20,PCS,BOX
C10627,LUCOZADE ORANGE,24,500ML,18.49,20,PCS,BOX
C10628,LUCOZADE ORIGINAL,24,500ML,18.99,20,PCS,BOX
C10629,HIGHLAND STILL WATER,12,1.5LT,7.49,20,PCS,BOX
C10630,RUBICON POMEGRANTE,12,1LT,14.99,20,PCS,BOX
C10631,RUBICON GUAVA,12,1LT,14.99,20,PCS,BOX
C10632,RUBICON LYCHEE,12,1LT,,20,PCS,BOX
C10633,SEVEN UP CAN,24,330ML,7.49,20,PCS,BOX
C10634,MULLER FRIJJ CHOCOLATE,12,330ML,8.99,20,PCS,BOX
C10635,MULLER FRIJJ STRAWBERRY,12,330ML,8.99,20,PCS,BOX
C10636,MULLER FRIJJ FUDGE BROWNIE,12,330ML,8.99,20,PCS,BOX
C10637,LOTUS BISCUIT MILK CHOCOLATE,9,150G,13.99,0,PCS,BOX
C10639,SCHWEPPES TONIC WATER,6,1LT,8.49,20,PCS,BOX
C10640,SCHWEPPES SODA WATER,6,1LT,8.49,20,PCS,BOX
C10641,FANTA TROPICAL,12,500ML,10.99,20,PCS,BOX
C10642,FANTA BLUE,12,500ML,9.99,20,PCS,BOX
C10643,FANTA MADNESS,12,500ML,14.99,20,PCS,BOX
C10644,FANTA MADNESS,6,1.5LT,12.99,20,PCS,BOX
C10645,LIPTION ICE TEA LEMON,24,500ML,16.99,20,PCS,BOX
C10646,LIPTON ICE TEA PEACH,24,500ML,16.99,20,PCS,BOX
C10647,DR PEPPER GB,12,500ML,8.99,20,PCS,BOX
C10648,FANTA FRUIT TWIST GB,12,500ML,9.99,20,PCS,BOX
C10649,FANTA LEMON,12,500ML,9.99,20,PCS,BOX
C10650,SPRITE,12,500ML,8.99,20,PCS,BOX
C10651,COCA COLA CHERRY,12,500ML,10.99,20,PCS,BOX
C10652,FANTA ORANGE GB,12,500ML,9.99,20,PCS,BOX
C10653,FANTA PINEAPPLE GRAPEFRUIT,12,500ML,8.99,20,PCS,BOX
C10654,COCA COLA DIET GB,24,500ML,16.99,20,PCS,BOX
C10655,COCA COLA GB,24,500ML,19.49,20,PCS,BOX
C10656,JUICE BURST APPLE,12,500ML,12.99,20,PCS,BOX
C10657,JUICE BURST ORANGE CARROT,12,500ML,12.99,20,PCS,BOX
C10658,JUICE BURST ORANGE,12,400ML,12.99,20,PCS,BOX
C10659,TROPICAL VIBES FRUIT PUNCH,15,300ML,11.49,20,PCS,BOX
C10660,TROPICAL VIBES LEMONADE GRAPE,15,300ML,11.49,20,PCS,BOX
C10662,TROPICAL VIBES LEMONADE OCEAN BLUE,15,300ML,11.49,20,PCS,BOX
C10664,TROPICAL VIBES SOURS KAWAII KIWI,15,300ML,11.49,20,PCS,BOX
C10665,TROPICAL VIBES SOURS CHEEKY CHEERY,15,300ML,11.49,20,PCS,BOX
C10666,TROPICAL VIBES MANGO CARROT,15,300ML,11.49,20,PCS,BOX
C10667,RAUCH BRAVO GREEN APPLE,24,250ML,12.5,20,PCS,BOX
C10668,RAUCH BRAVO PEACH,24,250ML,12.5,20,PCS,BOX
C10669,RAUCH BRAVO RED GRAPE,24,250ML,12.5,20,PCS,BOX
C10670,RAUCH BRAVO STRAWBERRY,24,250ML,12.5,20,PCS,BOX
C10671,RAUCH BRAVO CHERRY,24,250ML,12.5,20,PCS,BOX
C10673,COCA COLA CHERRY CAN GB,24,330ML,11.49,20,PCS,BOX
C10674,FANTA CAN TWIST GB,24,330ML,9.99,20,PCS,BOX
C10675,CRODO LEMON SODA,24,330ML,14.99,20,PCS,BOX
C10676,CRODO LEMON SODA MOJITO,24,330ML,14.99,20,PCS,BOX
C10677,SAKA WATER,12,500ML,1.99,20,PCS,BOX
C10678,JUST DRINK A.VERA ORG.,12,500ML,8.99,20,PCS,BOX
C10679,GRACE ALOE VERA,6,1.5LT,11.99,20,PCS,BOX
C10680,SUPER MALT BOTTLE,24,330ML,15.99,20,PCS,BOX
C10681,PURDEY'S ENERGY DRINK,12,330ML,8.99,20,PCS,BOX
C10682,PURDEY'S ENERGY DRINK RASP. ROSE,12,330ML,8.99,20,PCS,BOX
C10683,LUCOZADE ORANGE MP,24,380ML,14.99,20,PCS,BOX
C10684,LUCOZADE ORANGE,12,500ML,19.99,20,PCS,BOX
C10685,LUCOZADE SPORT,12,500ML,11.99,20,PCS,BOX
C10686,KTC VEGETABLE OIL TIN,1,20LT,24.99,0,PCS,BOX
C10688,ULUDAG ORANGE,24,250ML,13.99,20,PCS,BOX
C10689,FRUIT SHOOT APPLE,24,200ML,5.99,20,PCS,BOX
C10690,FRUIT SHOOT ORANGE,24,200ML,5.99,20,PCS,BOX
C10691,FRUIT SHOOT SUMMER,24,200ML,5.99,20,PCS,BOX
C10692,CLEANUX THICK BLEACH,1,5LT,3.29,20,PCS,BOX
C10693,CLEANUX WASHING UP LIQUID,1,5LT,3.29,20,PCS,BOX
C10694,OREO ORIGINAL,16,154GR,12.99,0,PCS,BOX
C10695,CADBURRY HOT CHOCOLATE INSTANT,1,2KG,16.99,0,PCS,BOX
C10696,RIVERDENE CHICKPEAS,6,2.5KG,,0,PCS,BOX
C10697,NUTELLA HAZELNUT,1,3KG,17.99,0,PCS,BOX
C10699,DAVINCI HAZELNUT SYRUP,1,1LT,6.49,20,PCS,BOX
C10701,ARIEL PRO WHITEMAX,1,15KG,19.99,20,PCS,BOX
C10702,TURKISH DELIGHT PLAIN,1,5KG,11.99,20,PCS,BOX
C10707,RIO TROPICAL LIGHT,24,330ML,10.99,20,PCS,BOX
C10708,HIGHLAND SPRING SPARKLING,24,500ML,7.49,20,PCS,BOX
C10709,HIGHLAND STILL WATER,24,500ML,7.49,20,PCS,BOX
C10710,VOLVIC FRUIT LEMON&LIME,6,1.5LT,5.49,20,PCS,BOX
C10711,VOLVIC TOUCH SUMMER,6,1.5LT,5.99,20,PCS,BOX
C10712,APPLETISER SPARKLING,24,275ML,21.99,20,PCS,BOX
C10713,J2O APPLE&RASPBERRY,24,275ML,16.99,20,PCS,BOX
C10714,J2O APPLE&MANGO,24,275ML,15.99,20,PCS,BOX
C10715,J2O ORANGE&PASSION FRUIT,24,275ML,15.99,20,PCS,BOX
C10716,YAZOO BANANA,10,400ML,8.49,0,PCS,BOX
C10717,YAZOO CHOCOLATE,10,400ML,8.49,0,PCS,BOX
C10718,YAZOO STRAWBERRY,10,400ML,8.49,0,PCS,BOX
C10721,HEAVY DUTY BIN BAG,1,100S,14.99,20,PCS,BOX
C10723,COCA COLA ZERO GB,12,500ML,8.99,20,PCS,BOX
C10727,LIPTON PEACH,6,1.25LT,7.99,20,PCS,BOX
C10728,LIPTON ICE TEA LEMON,9,1.5LT,11.49,20,PCS,BOX
C10729,LIPTON ICETEA LEMON,24,500ML,16.99,20,PCS,BOX
C10731,ANTEP PISTACHIO KERNEL,1,10KG,350,0,PCS,
C10733,REDBULL SUGAR FREE GB,24,250ML,19.99,20,PCS,BOX
C10734,ACI PUL BIBER,1,2KG,,0,PCS,
C10735,KEKIK,1,1KG,,0,PCS,
C10736,MEVLANA TEA,1,1KG,,0,PCS,
C10737,KARABIBER TOZ,1,1KG,,0,PCS,
C10738,FAIRY PRO WASHING UP,2,5LT,13.99,20,PCS,BOX
C10740,FRESH MANGO,24,330ML,16.6,20,PCS,BOX
C10741,FRESH WATERMELON,24,330ML,14.99,20,PCS,BOX
C10742,FRESH STRAWBERRY,24,330ML,16.6,20,PCS,BOX
C10743,FRESH MOJITO,24,330ML,16.6,20,PCS,BOX
C10744,FRESH MELON,24,330ML,16.6,20,PCS,BOX
C10745,FRESH BLACK GAZOZ,24,330ML,16.6,20,PCS,BOX
C10746,FRESH PINACOLADO,24,330ML,16.6,20,PCS,BOX
C10747,BUBBLE TEA COCONUT,12,350ML,24,0,PCS,BOX
C10748,BUBBLE TEA PEACH,12,350ML,24,0,PCS,BOX
C10749,REDBULL GB PM1.55,24,250ML,18.99,20,PCS,BOX
C10751,REIS PILAVLIK BULGUR,4,5KG,,0,PCS,BOX
C10752,DOGANAY IHLAMUR,1,1.6,,0,PCS,
C10753,FRESH BLUEBERRY,24,330ML,16.6,20,PCS,BOX
C10754,FRESH BLACK CHERRY,24,330ML,16.6,20,PCS,BOX
C10755,REDBULL APRICOT CAN PM1.55,12,250ML,9.99,20,PCS,BOX
C10758,OREGANO LIDER PACK,1,500GR,,0,PCS,
C10759,FANTA TROPICAL,9,1.5LT,13.99,20,PCS,BOX
C10762,SUNMAGIC APPLE JUICE,12,1LT,11.49,20,PCS,BOX
C10763,COCA COLA GLASS GB,24,330ML,19.99,20,PCS,BOX
C10764,COCA COLA DIET PM2.29,6,2LT,,20,PCS,BOX
C10767,FANTA ORANGE BOTTLE,12,1.5LT,14.99,20,PCS,BOX
C10771,OLD JAMAICA PINEAPPLE SODA,24,330ML,8.99,20,PCS,BOX
C10773,OLD JAMAICA GINGER BEER PM2.29,8,2LT,,20,PCS,BOX
C10774,RUBICON MANGO CAN,24,330ML,11.99,20,PCS,BOX
C10775,POWERADE BERRY&TROPICAL,12,500ML,8.99,20,PCS,BOX
C10776,RIBENA STRAWBERRY,24,250ML,7.99,20,PCS,BOX
C10777,RIBENA BLACKCURRANT,24,250ML,7.99,20,PCS,BOX
C10778,SEVEN UP,12,1.5LT,12.99,20,PCS,BOX
C10779,SAN PELLEGRINO SPARKLING WATER GLASS,12,750ML,12.99,20,PCS,BOX
C10780,VOLVIC LEMON & LIME,12,500ML,5.99,20,PCS,BOX
C10781,VOLVIC STRAWBERRY,12,500ML,5.99,20,PCS,BOX
C10782,REDBULL ENERGY PM1.95,24,355,27.99,20,PCS,BOX
C10783,OLD JAMAICA GRAPE SODA CAN,24,330ML,9.99,20,PCS,BOX
C10785,FANTA USA BERRY,12,355ML,9.99,20,PCS,BOX
C10786,FANTA USA GRAPE,12,355ML,9.99,20,PCS,BOX
C10787,FANTA USA PEACH,12,355ML,9.99,20,PCS,BOX
C10788,FANTA USA PINEAPPLE,12,355ML,9.99,20,PCS,BOX
C10789,FANTA USA STRAWBERRY,12,355ML,9.99,20,PCS,BOX
C10855,BAKLAVA,1,4PCS,1.6,0,PCS,
C10856,BAKLAVA TRIANGLE(CARROT),1,200GR,1.6,0,PCS,
C10857,BAKLAVA PISTACHIO KADAYIF,1,200GR,1.6,0,PCS,
C10858,BAKLAVA SOBIYET,1,200GR,1.6,0,PCS,
C10859,BAKLAVA PISTACHIO,1,500GR,5,0,PCS,
C10860,BAKLAVA TEPSI,1,2KG,32,0,PCS,
C10861,BAKLAVA PISTACHIO,1,400GR,4.2,0,PCS,
C10862,BAKLAVA MIX,1,400GR,8,0,PCS,
C10863,BAKLAVA PISTACHIO,1,1KG,9,0,PCS,
C10864,BUBBLE TEA BUTTERFLY,12,350ML,24,0,PCS,BOX
C10865,BUBBLE TEA MANGO,12,350ML,24,0,PCS,BOX
C10866,BUBBLE TEA STRAWBERRY,12,350ML,24,0,PCS,BOX
C10867,AVA SUNFLOWER OIL,15,1LT,18,0,UNIT,BOX
C10875,FRUIT SHOOT APPLE & BLACKCURRANT,24,200ML,,20,UNIT,BOX
C10939,KINGSDOWN STILL WATER GLASS,12,750ML,7.99,20,UNIT,BOX
C10940,MIRINDA STRAWBERRY CAN,24,330ML,7.99,20,UNIT,BOX
C10941,PURDEYS REJUNAVATE,12,330ML,8.99,20,UNIT,BOX
C10942,SCHWEPPES SLIMLINE TONIC WATER,6,1LT,11.99,20,UNIT,BOX
C10943,LUCOZADE SPORT RASBERRY & PASSION,12,500ML,11.49,20,UNIT,BOX
C10974,BOOST ENERGY CAN PM0.75,24,250ML,,20,PCS,BOX
C10976,REDBULL ENERGY PM2.50,12,473ML,,20,PCS,BOX
C10978,REDBULL LIGHT,12,473ML,,20,PCS,BOX
C10979,REDBULL ENERGY PM1.95,24,355ML,,20,PCS,BOX
C10982,MIGHTY MALT,24,330ML,,20,PCS,BOX
C10983,SCHWEPPES LEMONADE,6,2LT,11.99,20,PCS,BOX
C10985,KINGSDOWN SPARKLING WATER GLASS,12,750ML,7.99,20,UNIT,BOX
C10987,SPRITE PM1.99,6,2LT,,20,UNIT,BOX
C10988,TANGO ORANGE CAN,24,330ML,9.49,20,UNIT,BOX
C10989,SCHWEPPES INDIAN TONIC WATER GLASS,24,200ML,12.49,20,UNIT,BOX
C10990,ROASTED AUBERGINE JAR,3,2650ML,9,0,UNIT,BOX
C10991,ROASTED AUBERGINE JAR,6,500ML,4.92,0,PCS,BOX
C10992,ROASTED AUBERGINE,6,720ML,6,0,UNIT,BOX
C10995,VOLVIC WATER,12,1.5LT,8.99,20,UNIT,BOX
C10996,BOOST CAN PLAIN PACK,24,250ML,8.99,20,UNIT,BOX
C10997,SAN PELLEGRINO LEMON & MINT CAN,12,330ML,5.99,20,UNIT,BOX
C10999,PEPSI ORIGINAL CAN,24,330ML,7.99,20,UNIT,BOX
C11000,DEPO RAF,1,1,,0,PCS,BOX
C11001,VAN COMPANY,1,1,,20,PCS,BOX
C11002,SERVICE FEE,1,1,,0,PCS,BOX
C11003,VAN VEHICLE,1,,,0,UNIT,
C11013,HARIBO BERRIES,24,80GR,13.49,20,UNIT,BOX
C11014,HARIBO CHAMALLOWS,24,70GR,13,20,UNIT,BOX
C11015,HARIBO FIZZ FRIES,24,70GR,12,20,UNIT,BOX
C11016,HARIBO EKSI SOLUCAN,24,70GR,13,20,UNIT,BOX
C11017,HARIBO EKSI MIX,24,70GR,13.49,20,UNIT,BOX
C11018,HARIBO PHANTASIA,24,80GR,13.49,20,UNIT,BOX
C11019,HARIBO WORMS,24,80GR,13.49,20,UNIT,BOX
C11020,HARIBO STARMIX,24,80GR,13.49,20,UNIT,BOX
C11021,HARIBO KUBIKS,24,80GR,13.49,20,UNIT,BOX
C11022,AMIGO VERY BERRY,24,200ML,8.99,20,UNIT,BOX
C11023,AMIGO APPLE,24,200ML,8.99,20,UNIT,BOX
C11024,AMIGO APPLE & STRAWBERRY,24,200ML,8.99,20,UNIT,BOX
C11025,AMIGO MULTIVITAMIN,24,200ML,8.99,20,UNIT,BOX
C11026,AMIGO ORANGE,24,200ML,8.99,20,UNIT,BOX
C11027,AMIGO APPLE & SOUR CHERRY,24,200ML,8.99,20,UNIT,BOX
C11028,AMIGO APPLE & BLUEBERRY,24,200ML,8.99,20,UNIT,BOX
C11029,TANGO APPLE CAN,24,330ML,7.99,20,UNIT,BOX
C11030,TANGO DARK BERRY CAN,24,330ML,9.49,20,UNIT,BOX
C11035,VITA COCO COCONUT WATER,12,1LT,19.99,20,PCS,BOX
C11037,SAN PELLEGRINO SPARKLING WATER,12,500ML,5.99,20,UNIT,BOX
C11038,PALLET WRAP,6,,102.6,20,UNIT,
C11039,COCA COLA 1.75 LT UA,6,1.75LT,7.99,20,PCS,BOX
C11045,SOUR PATCH MIX FRUIT,24,80GR,12,0,PCS,BOX
C11046,TROPICAL VIBES EXOTIC FRUITS,15,300ML,11.49,20,PCS,BOX
C11047,FRESH CANDY,24,330ML,16.6,20,PCS,BOX
C11048,FRESH PEACH,24,330ML,16.6,20,PCS,BOX
C11049,FINI BANANAS,12,75GR,6.5,20,UNIT,BOX
C11050,FINI FIZZY CHERRIES,12,75GR,6.5,20,UNIT,BOX
C11051,FINI FRUITS BUBBLE GUM,12,75GR,6.5,20,UNIT,BOX
C11052,FINI PEACH RINGS,12,75GR,6.5,20,UNIT,BOX
C11053,FINI STRAWBERRY RINGS,12,75GR,6.5,20,UNIT,BOX
C11054,FINI WATERMELON SLICES,12,75GR,6.5,20,UNIT,BOX
C11055,MALLOW PIE CAKE WITH MARSMALLOW,12,184GR,8.4,0,UNIT,BOX
C11056,NUT BARI - SPREAD WITH CACAO & BREADSTCIK,24,52G,9.36,0,UNIT,BOX
C11057,HARIBO GOLD BEARS,36,80GR,20.23,20,UNIT,BOX
C11058,HARIBO EKSI LIKIR,24,80GR,13,20,PCS,BOX
C11059,SOUR PATCH PEACH,24,80GR,12,0,PCS,BOX
C11060,SOUR PATCH STRAWBERRY,24,80GR,12,0,PCS,BOX
C11061,SOUR PATCH TROPICAL,24,80GR,12,0,PCS,BOX
C11085,RIO TROPICAL CAN,24,330ML,11.49,20,UNIT,BOX
C11086,PEPSI DIET CAN,24,330ML,9.99,20,UNIT,BOX
C11088,VITA COCO COCONUT WATER,12,330ML,10.99,20,UNIT,BOX
C11089,LIPTON ICE TEA RASBERRY,12,500ML,9.99,20,UNIT,BOX
C11090,OLD JAMAICA GINGER BEER CAN,24,330ML,9.99,20,UNIT,BOX
C11091,JUICE BURST SUMMER,12,500ML,10.99,20,UNIT,BOX
C11092,OCEAN SPRAY CRANBERRY,12,1LT,10.99,20,UNIT,BOX
C11093,RUBICON LYCHEE CAN,24,330ML,11.99,20,UNIT,BOX
C11094,RUBICON GUAVA CAN,24,330ML,11.99,20,UNIT,BOX
C11095,RUBICON PASSION CAN,24,330ML,11.99,20,UNIT,BOX
C11096,SUPERMALT GLASS 6 PACK,24,330ML,16.99,20,UNIT,BOX
C11097,SCHWEPPES SLIMLINE TONIC WATER,24,200ML,12.49,20,UNIT,BOX
C11098,SCHWEPPES SODA WATER GLASS,24,200ML,12.49,20,UNIT,BOX
C11099,SCHWEPPES GINGER ALE GLASS,24,200ML,12.49,20,UNIT,BOX
C11100,VOLVIC SUMMER FRUITS,12,500ML,5.49,20,UNIT,BOX
C11101,VOLVIC STRAWBERRY,6,1.5LT,5.49,20,UNIT,BOX
C11102,COCA COLA ZERO GLASS,24,330ML,19.99,20,UNIT,BOX
C11103,MOUNTAIN DEW CITRUS,24,500ML,15.99,20,UNIT,BOX
C11104,SEVEN UP BOTTLE,24,500ML,14.99,20,UNIT,BOX
C11106,ULKER HALLEY,12,240GR,16.99,0,UNIT,BOX
C11107,FRUIT SHOOT APPLE,12,275ML,,20,PCS,BOX
C11108,FRUIT SHOOT SUMMER,12,275ML,,20,PCS,BOX
C11109,FRUIT SHOOT APPLE & BLACKCURRANT,12,275ML,7.99,20,PCS,BOX
C11110,FRUIT SHOOT ORANGE,12,275ML,7.99,20,PCS,BOX
C11111,CAWSTON CLOUDY APPLE CAN,24,330ML,,20,PCS,BOX
C11112,MONSTER KHAOITIC PM1.49,12,500ML,,20,PCS,BOX
C11113,MONSTER PARADISE PM1.39,12,500ML,,20,PCS,BOX
C11114,REDBULL SUGAR FREE PM1.90,12,355ML,,20,PCS,BOX
C11115,COCA COLA CAN GB,24,330ML,11.49,20,PCS,BOX
C11117,PERSONEL MAAS,1,,,0,PCS,
C11118,TROPICAL VIBES MANGO&CARROT,6,1LT,,20,PCS,BOX
C11119,OLD JAMAICA G BEER,12,500ML,,20,PCS,BOX
C11121,PURDEYS ENERGY DRINK REFOCUS,12,330ML,,20,PCS,BOX
C11122,RIBENA BLACKCURRANT PM1.39,12,1LT,,20,UNIT,BOX
C11125,SALAAM COLA ORIGINAL,24,330ML,9.99,20,UNIT,BOX
C11126,NATCO RICE FLOUR,1,1.5KG,,0,PCS,BOX
C11127,APPLETISER SPARKLING,12,275ML,,20,PCS,BOX
C11128,BANANAS CHQ,1,1,,0,PCS,BOX
C11129,OHO LENTIL CHIPS FLAMING HOT,23,100GR,19.99,0,UNIT,BOX
C11130,OHO LENTIL CHIPS JALAPENO & LIME,23,100GR,19.99,0,UNIT,BOX
C11131,OHO LENTIL CHIPS CHEDDAR CHEESE,23,100GR,19.99,0,UNIT,BOX
C11132,OHO LENTIL CHIPS SOURCREAM & ONION,23,100GR,19.99,0,UNIT,BOX
C11133,OHO LENTIL CHIPS PRAWN COCKTAIL,23,100GR,19.99,0,UNIT,BOX
C11134,BOUNTY WAFER ROLL,12,22.5GR,6.99,20,UNIT,BOX
C11137,GALAXY FLUTES,12,22.5GR,6.99,20,UNIT,BOX
C11138,TAKIS HERO PACK,46,28.4GR,42.99,20,UNIT,BOX
C11139,REDBULL SUGARFREEPM1.50 GB,24,250ML,18.99,0,PCS,BOX
C11149,SLEEPY WIPES EASY CLEAN (GREEN),6,100S,13.2,20,PCS,BOX
C11150,LIPTON ICE TEA MANGO,12,500ML,9.49,20,PCS,BOX
C11151,R WHITES LEMONADE CAN,24,330ML,,20,PCS,BOX
C11152,FANTA PINEAPPLE GRAPEFRUIT LILT CAN,24,330ML,9.99,20,PCS,BOX
C11154,DR PEPPER PM1.99,6,2LT,,20,PCS,BOX
C11156,SUN MAGIC ORANGE JUICE,24,200ML,,20,PCS,BOX
C11157,PEPSI BOTTLE GB,24,500ML,17.99,20,PCS,BOX
C11158,PEPSI MAX BOTTLE,24,500ML,17.99,20,PCS,BOX
C11159,RIBENA STRAWBERRY,12,500ML,9.99,20,PCS,BOX
C11160,RIBENA BLACKCURRANT,12,500ML,9.99,20,PCS,BOX
C11161,LIPTON PEACH CAN,24,330ML,,20,PCS,BOX
C11162,LIPTON ICE LEMON,24,330ML,,20,PCS,BOX
C11164,JUST DRINK ALOE VERA MANGO,12,500ML,,20,PCS,BOX
C11165,JUST DRINK ALOE VERA ORIGINAL,12,500ML,,20,UNIT,BOX
C11166,JUST DRINK ALOE VERA LYCHEE,12,500ML,,20,PCS,BOX
C11168,JUST DRINK ALOE VERA STRAWBERRY,12,500ML,,20,PCS,BOX
C11169,JUST DRINK ALOE VERA TROPICAL,12,500ML,,20,PCS,BOX
C11186,HARIBO HAPPY COLA,30,80GR,16.86,20,UNIT,BOX
C11187,HARIBO TROPIFRUTTI,24,70GR,13.49,20,UNIT,BOX
C11188,SPIKO FRUIT LEMON,24,250ML,12,0,UNIT,BOX
C11189,SPIKO FRUIT MANDARIN,24,250ML,12,0,UNIT,BOX
C11190,SPIKO FRUIT MANGO,24,250ML,12,0,UNIT,BOX
C11191,SPIKO FRUIT WATERMELON STRAWBERRY,24,250ML,12,0,UNIT,BOX
C11192,SPIKO FRUIT BLACK MULBERRY & GRAPE,24,250ML,12,0,UNIT,BOX
C11193,SPIKO FRUIT GRAPE,24,250ML,12,0,UNIT,BOX
C11194,SPIKO GREEN APPLE,24,250ML,12,0,UNIT,BOX
C11196,SPIKO FRUIT PASSION FLOWER,24,250ML,12,0,UNIT,BOX
C11197,SPIKO FRUIT KIWI,24,250ML,12,0,UNIT,BOX
C11198,SPIKO FRUIT STRAWBERRY,24,250ML,12,0,UNIT,BOX
C11200,REDBULL IMPORT,24,250ML,18.99,20,UNIT,BOX
C11203,SLEEPY WIPES WITH BLEACH (BLUE),6,100S,13.2,20,PCS,BOX
C11204,HEINZ BEANS,24,415GR,18,0,PCS,BOX
C11205,ULKER ALBENI MULTI PACK,24,4*40GR,20.4,20,PCS,BOX
C11206,BAKLAVA PISTACHIO TEPSI,1,2KG,16,0,UNIT,
C11208,DUBAI CHOCOLATE,12,200GR,168,0,UNIT,BOX
C11209,SNICKERS ALMOND,15,45G,13.99,20,UNIT,BOX
C11210,SNICKERS BERRY WHIP,15,40G,13.99,20,UNIT,BOX
C11211,SNICKERS BUTTERSCOTCH,15,40G,13.99,20,UNIT,BOX
C11212,SNICKERS KESAR PISTA,15,42G,13.99,0,UNIT,BOX
C11213,FANTA WATERMELON ASIA,12,500ML,12,0,UNIT,BOX
C11214,FANTA WHITE PEACH ASIA,12,500ML,12,0,UNIT,BOX
C11215,FANTA PINEAPPLE ASIA,12,500ML,12,0,UNIT,BOX
C11216,FANTA GREEN APPLE ASIA,12,500ML,9.99,0,UNIT,BOX
C11217,MR BEAST ALMOND CHOCOLATE,10,60G,18.99,20,UNIT,BOX
C11218,MR BEAST CRUNCH CHOCOLATE,10,60G,18.99,20,UNIT,BOX
C11219,MR BEAST MILK CHOCOLATE,10,60G,18.99,20,UNIT,BOX
C11220,MR BEAST PEANUT BUTTER CHOCOLATE,10,60G,18.99,20,UNIT,BOX
C11221,SUN MAGIC APPLE JUICE,24,200ML,,20,PCS,BOX
C11223,DIET COKE PM 2.29,6,2LT,,20,PCS,BOX
C11224,COCA COLA PM2.59,6,1.75LT,,20,PCS,BOX
C11225,FANTA ORANGE PM1.99,6,2LT,,20,PCS,BOX
C11227,SLEEPY WIPES WITH SOAP (YELLOW),6,100S,13.2,20,PCS,BOX
C11228,TAKIS BUCKIN RANCH,20,92.3GR,42.99,0,PCS,BOX
C11251,TAKIS FUEGO,18,90GR,38.7,0,UNIT,BOX
C11252,TAKIS FAJITA,20,92.3G,42.99,0,UNIT,BOX
C11253,TAKIS BLUE HEAT,18,80GR,34.99,0,UNIT,BOX
C11262,SOUR PATCH WATERMELON,24,80GR,12,0,PCS,BOX
C11263,BIND DUBAI CHOCOLATE,10,60GR,25,20,PCS,BOX
C11269,OLD JAMAICA CREAM SODA,24,330ML,8.99,20,PCS,BOX
C11270,OREO SOFT CAKE,12,19.2GR,57.6,0,UNIT,BOX
C11271,SELINI GOLD OLIVE OIL,4,4LT,72,0,UNIT,BOX
C11273,LIDER FLAKE HOT PEPPER,1,2KG,,0,UNIT,BOX
C11274,LIDER BLACK PEPPER GROUND,1,2KG,,0,UNIT,BOX
C11275,MOUNTAIN DEV CIRCUS,24,330ML,11.49,20,UNIT,BOX
C11277,SCHWEPPES SLIMLINE TONIC WATER GLASS,6,2LT,,20,UNIT,BOX
C11281,RESCENT ORANGE ORBIT CAN,24,330ML,9.99,20,UNIT,BOX
C11283,TEMPAK TOILET PAPER,3,32,15,0,UNIT,BOX
C11284,PEPSI GLASS TR,24,200ML,11,0,UNIT,BOX
C11286,FAIRY DISHWASHER DETERGENT LEMON ECO PACK,6,1.5LT,18,0,UNIT,BOX
C11287,FAIRY LEMON,6,650ML,8.4,20,UNIT,BOX
C11290,DOVE SOAP GO FRESH TOUCH,48,90GR,47.52,0,UNIT,BOX
C11291,DOVE SOAP ORIGINAL,48,90GR,47.52,0,UNIT,BOX
C11292,DOVE SOAP PINK,48,90GR,47.52,0,UNIT,BOX
C11293,ARIEL POWDER 33 WASHES,1,5KG,7.99,20,UNIT,
C11294,DR PEPPER CREAM SODA CAN USA,12,355ML,9.99,20,UNIT,BOX
C11295,DR PEPPER CREAMY COCONUT CAN USA,12,355ML,9.99,20,UNIT,BOX
C11296,DR PEPPER CHERRY CAN USA,12,355ML,9.99,20,UNIT,BOX
C11297,MOUNTAIN DEW FREEDOM FUSION CAN USA,12,355ML,8.99,20,UNIT,BOX
C11298,MOUNTAIN DEW STAR SPANGLED SPLASH CAN USA,12,355ML,8.99,20,UNIT,BOX
C11299,MOUNTAIN DEW BAJA BLAST CAN USA,12,355ML,12,20,UNIT,BOX
C11300,DR PEPPER STRAWBERRY& CREAM CAN USA,12,355ML,9.99,20,UNIT,BOX
C11302,LION CHOCOLATE BAR,24,42GR,11,0,UNIT,BOX
C11303,MARS CHOCOLATE BAR,40,51G,16,0,UNIT,BOX
C11304,TWIX CHOCOLATE BAR,32,50GR,15,20,UNIT,BOX
C11305,SNICKERS DUO CHOCOLATE BAR,32,83.4GR,27,20,UNIT,BOX
C11306,KITKAT 4 FINGERS WHITE,24,41.5GR,11.9,20,UNIT,BOX
C11307,MIRINDA POMME KIWI,6,2LT,11,0,UNIT,BOX
C11308,MIRINDA ANANAS,6,2LT,11,0,UNIT,BOX
C11322,WHITE ROLL WIPING PAPER,1,6x1,8.9,20,UNIT,BOX
C11323,AIRWAVES COOL CASSIS BOTTLE,6,64GR,9.9,20,UNIT,BOX
C11324,AIRWAVES BLACK MINT,30,10DR,11.9,20,UNIT,BOX
C11325,AIRWAVES COOL CASSIS PURPLE,30,10DR,11.9,20,UNIT,BOX
C11326,AIRWAVES EXTREME DARK BLUE,30,10DR,11.9,20,UNIT,BOX
C11327,AIRWAVES MENTHOL EUKALIPTUS BLUE,30,10DR,11.9,20,UNIT,BOX
C11328,KINDER CHOCOLATE T8,10,100GR,9.9,20,UNIT,BOX
C11329,KITKAT 4 FINGERS CLASSIC,24,41.5GR,11.9,20,UNIT,BOX
C11330,KITKAT CHUNKY CLASSIC,24,40GR,11.9,20,UNIT,BOX
C11331,KITKAT CHUNKY WHITE,24,40GR,11.9,20,UNIT,BOX
C11332,KITKAT CHUNKY BLACK & WHITE,24,42GR,11.9,20,UNIT,BOX
C11333,KITKAT CHUNKY PEANUT BUTTER,24,42GR,11.9,20,UNIT,BOX
C11335,LOTUS BISCOFF BISCUIT CREAM,9,150G,13.99,0,UNIT,BOX
C11336,LOTUS BISCOFF BISCUIT VANILLA,9,150G,13.99,0,UNIT,BOX
C11337,M&M CRIPSY BLUE,24,36G,11.9,20,UNIT,BOX
C11338,M&M'S CHOCOLATE BROWN,24,45GR,11.9,20,UNIT,BOX
C11339,NUTELLA BISCUIT T3,28,41.4G,14.99,0,UNIT,BOX
C11340,ORBIT BLUEBERRY,30,10DR,9.9,20,UNIT,BOX
C11341,ORBIT BUBBLEMINT,30,10DR,9.9,20,UNIT,BOX
C11342,ORBIT EUCALYPTUS,30,10DR,9.9,20,UNIT,BOX
C11343,ORBIT PEPPERMINT,30,10DR,9.9,20,UNIT,BOX
C11344,ORBIT SPEARMINT,30,10DR,9.9,20,UNIT,BOX
C11345,ORBIT STRAWBERRY,30,10DR,9.9,20,UNIT,BOX
C11346,ORBIT WATERMELON,30,10DR,9.9,20,UNIT,BOX
C11347,OREO DOUBLE STUFF,12,185GR,12.9,0,UNIT,BOX
C11349,OREO ORIGINAL,20,66GR,8.9,0,UNIT,BOX
C11350,OREO STRAWBERRY CHEESECAKE,16,154GR,16.99,0,UNIT,BOX
C11352,TOBLERONE MILK CHOCOLATE BAR,24,35GR,9.9,20,UNIT,BOX
C11353,TWIX SALTED CARAMEL,30,46GR,12.99,20,UNIT,BOX
C11354,TWIX WHITE,32,46GR,14.9,20,UNIT,BOX
C11355,ORBIT BOTTLE PEPPERMINT,6,64GR,9.9,20,UNIT,BOX
C11356,ORBIT BOTTLE SPEARMINT,6,64GR,9.9,20,UNIT,BOX
C11378,DUMAN DUBAI CHOCOLATE,1,100GR,6.99,0,UNIT,BOX
C11379,DUMAN DUBAI CHOCOLATE,1,175GR,7.99,0,UNIT,BOX
C11384,FANTA GRAPE ASIA,12,500ML,12,0,UNIT,BOX
C11385,FANTA ORANGE ASIA,12,500ML,12,0,UNIT,BOX
C11386,FANTA JASMINE ASIA,12,500ML,12,0,UNIT,BOX
C11387,RAUCH BRAVO MULTIVITAMIN,24,250ML,12.5,20,UNIT,BOX
C11397,BAKLAVA CHOCOLATE,1,4PCS,1.6,0,PCS,
C11439,OREO BISCUIT PEANUT BUTTER & CHOCOLATE,24,119.6GR,16.99,0,UNIT,BOX
C11440,FERRERO ROCHER 3S,16,37.5GR,16.99,0,UNIT,BOX
C11441,OREO ORIGINAL VANILLA,24,119.6GR,16.99,0,UNIT,BOX
C11442,KIZILAY MINERAL WATER,24,200ML,4.99,20,UNIT,BOX
C11443,ULKER CUBUK KRAKER SUSAMLI,22,70GR,6.99,0,UNIT,BOX
C11445,TAKIS QUESO,10,140GR,28.99,0,UNIT,BOX
C11447,TAKIS FUEGO,10,140G,28.99,0,UNIT,BOX
C11448,TAKIS DRAGON SWEET CHILLI,10,140GR,28.99,0,UNIT,BOX
C11450,DR PEPPER USA VANILLA CAN,12,355ML,9.99,20,UNIT,BOX
C11452,BEBETO 25GR METER GUM MIX,24,1,9.99,0,UNIT,BOX
C11453,BOBBO CORNET TOY,12,10GR,9.99,0,UNIT,BOX
C11454,BOBBO ICE CREAM TWISTY HARD CANDY,12,27GR,8.99,0,UNIT,BOX
C11455,BOBBO MONSTER EGG,12,30GR,8.99,0,UNIT,BOX
C11456,BOBBO RABBIT CANDY,12,1,8.99,0,UNIT,BOX
C11457,FENOMEN CLEANING ROBOT TOY,12,1,8.99,0,UNIT,BOX
C11458,FENOMEN POP RASBERRY,12,27GR,8.99,0,UNIT,BOX
C11459,FENOMEN SPIN ROCKET TOY,12,1,14.99,0,UNIT,BOX
C11460,FENOMEN STRAWBERRY CANDY,24,1,8.99,0,UNIT,BOX
C11461,FENOMEN WATERMELON CANDY,24,1,8.99,0,UNIT,BOX
C11462,FENOMEN ZIP ZIP RABBIT,12,27GR,8.99,0,UNIT,BOX
C11463,FROGGER STRIP MUSKET GUM,42,1,5.99,0,UNIT,BOX
C11464,TWINS GUMB.MACH PLAY GAME,12,1,11.99,0,UNIT,BOX
C11465,GUMBALL MACHINE SLUM DUNK,12,1,11.99,0,UNIT,BOX
C11466,GUMBALL MACHINE HOTSPORT,12,1,11.99,0,UNIT,BOX
C11467,GUMBALL MACHINE START BIKE,6,1,11.99,0,UNIT,BOX
C11468,SWEETKO COLA CANDY,40,30GR,8.99,0,UNIT,BOX
C11469,SWEETKO HONEY CANDY,40,30GR,8.99,0,UNIT,BOX
C11470,SWEETKO JOLE CANDY,80,30GR,16.99,0,UNIT,BOX
C11471,SWEETKO MARSHMELOW CANDY,40,1,11.99,0,UNIT,BOX
C11472,TOY JOY EYE JELLY CANDY,64,18GR,21,0,UNIT,BOX
C11473,TOYBOX METER 2IN1 MIX FRUIT,12,1,6.99,0,UNIT,BOX
C11474,TOYBOX METER CLASSIC,12,1,6.99,20,UNIT,BOX
C11475,TOYBOX STAND LOLYPOP,43,1,19.99,0,UNIT,BOX
C11477,VELDA ROASTED AUBERGINE TIN,6,2.8KG,19.9,0,UNIT,BOX
C11478,FRESH DUBAI PISTACHIO,24,330ML,19.99,20,PCS,BOX
C11479,FRESH JELLY,24,330ML,16.6,20,PCS,BOX
C11480,KOSKA DUT PEKMEZI,12,380GR,29.99,0,UNIT,BOX
C11481,KOSKA KECIBOYNUZU PEKMEZI,12,380GR,22.99,0,UNIT,BOX
C11482,ONCU NAR SOSU,12,700GR,17.99,0,UNIT,BOX
C11483,SEVEN UP SUGARFREE CAN,24,330ML,7.5,0,UNIT,BOX
C11484,WRAPIDOZ ORIGINAL WRAP 25CM,12,6,11.99,0,UNIT,BOX
C11485,ENDO GREEK PEPPER TURSU,1,5KG,9.99,0,UNIT,
C11486,BLUE ROLL ECONOMY,6,2KG,4.99,20,UNIT,BOX
C11487,BLUE ROLL PREMIUM,6,5.2KG,9.99,20,UNIT,BOX
C11488,C ONCU SALCA,4,4.3KG,65,0,UNIT,BOX
C11489,I COOL ENERGY DRINK,24,250ML,10,0,UNIT,BOX
C11490,DR PEPPER CAN USA,12,350ML,8.99,20,UNIT,BOX
C11492,COCA COLA UA,12,500ML,7.5,20,UNIT,BOX
C11493,SAFRAN COFFEE DIBEK,12,250GR,32,0,UNIT,BOX
C11494,SAFRAN COFFEE PISTACHIO,12,250GR,32,0,UNIT,BOX
C11495,SAFRAN TURKISH COFFEE,12,250GR,32,0,UNIT,BOX
C11496,SAFRAN SUTLU  MENENGIC COFFEE,12,250GR,32,0,UNIT,BOX
C11497,DURU IRI PILAVLIK BULGUR,12,1KG,11.99,0,UNIT,BOX
C11499,DURU BASMATI RICE,12,1KG,23.99,0,UNIT,BOX
C11500,FANTA JAPAN GRAPE,24,500ML,34.99,0,UNIT,BOX
C11501,FANTA JAPAN GRAPE,24,300ML,34.99,0,UNIT,BOX
C11503,KIKKOMAN TAMARI GLUTEN FREE DISPENSER,6,150ML,14.99,0,UNIT,BOX
C11504,KIKKOMAN GLUTEN FREE TERIYAKI SAUCE,6,250ML,16.99,0,UNIT,BOX
C11505,BIG TROLLI BURGER,24,50GR,16.99,20,UNIT,BOX
C11506,AMERICAN CHEETOS CRUNCHY,10,226G,36.99,0,UNIT,BOX
C11507,AMERICAN CHEETOS FLAMIN HOT,10,226G,36.99,0,UNIT,BOX
C11516,COCA COLA JAPAN,24,300ML,34.99,0,UNIT,BOX
C11517,TWIX WAFER ROLL,12,22.5GR,4.99,0,UNIT,BOX
C11518,VELIBABA SODIUM BICARBONATE,21,1000GR,43.5,0,UNIT,BOX
C11519,ARDEL SCENT BOOSTER FOR LAUNDRY,12,200GR,27.9,20,UNIT,BOX
C11522,SOUR PATCH BLUE RASBERRY,12,102G,14,0,UNIT,BOX
C11523,SOUR PATCH KIDS,12,102G,14,0,UNIT,BOX
C11524,SOUR PATCH PEACH,12,102G,14,0,UNIT,BOX
C11525,SOUR PATCH SNAPPLE,12,102G,14,0,UNIT,BOX
C11526,SOUR PATCH STRAWBERRY,12,102G,14,0,UNIT,BOX
C11527,SOUR PATCH TROPICAL,12,102G,14,0,UNIT,BOX
C11528,SOUR PATCH WATERMELON,12,102G,14,0,UNIT,BOX
C11529,OREO BISCUIT STRAWBERRY,24,119GR,16.99,0,UNIT,BOX
C11530,OREO BISCUIT BLUEBERRY,24,119GR,16.99,0,UNIT,BOX
C11535,NESTLE DAMAK EZME,6,60GR,5.99,20,UNIT,BOX
C11536,CAPRISUN MULTIVITAMIN,40,200ML,12,20,UNIT,BOX
C11538,CAPRISUN CHERRY,40,200ML,12,20,UNIT,BOX
C11539,CAPRISUN MONSTER ALARM,40,200ML,12,20,UNIT,BOX
C11540,CAPRISUN FAIRY DRINK,40,200ML,12,20,UNIT,BOX
C11541,PISTI SPREADABLE PISTACHIO CREAM,6,600GR,,0,UNIT,BOX
C11543,SAFRAN OTTOMAN COFFEE,12,250GR,32,0,UNIT,BOX
C11544,CAPRISUN ORANGE,40,200ML,12,20,UNIT,BOX
C11545,SARIKIZ APPLE,24,200ML,6.99,0,UNIT,BOX
C11546,SARIKIZ KARADUT VE FRENK,24,200ML,6.99,0,UNIT,BOX
C11547,SARIKIZ KARPUZ CILEK,24,200ML,6.99,0,UNIT,BOX
C11549,SARIKIZ LEMON,24,200ML,6.99,0,UNIT,BOX
C11550,SARIKIZ MANDALINA,24,200ML,6.99,0,UNIT,BOX
C11551,SARIKIZ BLUEBERRY,24,200ML,6.99,0,UNIT,BOX
C11552,SARIKIZ EXTRA POMEGRANTE,24,200ML,6.99,0,UNIT,BOX
C11553,SARIKIZ EXTRA APPLE,24,200ML,6.99,0,UNIT,BOX
C11554,MEHMET EFENDI TURKISH COFFEE,25,100GR,32.99,0,UNIT,BOX
C11555,ETI CIN SINGLE,36,25GR,6.5,0,UNIT,BOX
C11556,MARVELOUS MEDJOOL DATES,8,1KG,39.99,0,UNIT,BOX
C11557,MARVELOUS MEDJOOL DATES,1,5KG,22.5,0,UNIT,BOX
C11559,3M DOUBLE SIDED STRONG TAPE,1,15FT,3,20,UNIT,BOX
C11560,ANTEPBITE DUBAI CHOCOLATE SMALL,24,100GR,72,0,UNIT,BOX
C11561,ANTEPBITE DUBAI CHOCOLATE BIG,12,200GR,69,0,UNIT,BOX
C11562,VEGETABLE BAG ROLL,20,1,22.99,20,UNIT,BOX
C11563,1000CC CONTAINER WITH LIDS,1,250,27.99,20,UNIT,BOX
C11564,ENDUSTRIAL KITCHEN QUIPMENT,1,1,,20,UNIT,
C11565,NESTLE NESQUIK DUO,6,70GR,4.49,20,UNIT,BOX
C11566,TURNIP SALGAM,9,1LT,19.99,0,UNIT,BOX
C11567,ALTO FLOUR,1,10KG,13.99,0,UNIT,
C11568,SALAD BOX 375CC,1,100,0,0,UNIT,BOX
C11569,SALAD BOX 2500C,1,100S,0,0,UNIT,BOX
C11570,2OZ HINGED SAUCE CUP,1,1000s,14.99,20,UNIT,BOX
C11571,4OZ HINGED SAUCE CUP,1,1000s,24.99,20,UNIT,BOX
C11572,WHITE SUGAR STICK,1,,,0,UNIT,
C11573,BROWN SUGAR STICK,1,,,0,UNIT,
C11574,BERRT SERVIETTE,1,,0,0,UNIT,
C11575,SARMA KAGIDI WRAPPING PAPER,1,,0,0,UNIT,
C11576,TURNIP SALGAM HOT,20,330ML,16.99,0,UNIT,BOX
C11577,LIDER WHITE ROLL,1,,0,0,UNIT,
C11578,SPRITE UA,6,1.75LT,7.49,20,UNIT,BOX
C11579,FANTA UA,6,1.75LT,7.49,20,UNIT,BOX
C11580,SPRITE GLASS UA,12,250ML,7.99,20,UNIT,BOX
C11581,FANTA GLASS UA,12,250ML,7.99,20,UNIT,BOX
C11582,FANTA ORANGE UA,12,500ML,7.99,20,UNIT,BOX
C11584,SPRITE UA,12,500ML,7.49,20,UNIT,BOX
C11585,COCA COLA GLASS UA,12,250ML,7.99,20,UNIT,BOX
C11586,DIMES JUICE POMEGRANTE,12,1LT,14.4,0,UNIT,BOX
C11587,DIMES MANGO,12,1LT,14.4,20,UNIT,BOX
C11588,BAKLAVA PLASTIC TEPSI,1,2.2KG,19.99,0,UNIT,
C11589,VELDA HOT BABY PEPPER PICKLE,6,500CC,9.99,0,UNIT,BOX
C11590,VELDA MACEDONIAN PEPPER,6,500CC,8.99,0,UNIT,BOX
C11591,VELDA LOMBARDI PICKLE,6,500CC,8.99,0,UNIT,BOX
C11592,VELDA HOT PEPPER PICKLE,6,500CC,9.99,0,UNIT,BOX
C11593,VELDA GREEN JALAPENO SLICED,6,500CC,8.99,0,UNIT,BOX
C11594,VELDA MIXED PICKLE,6,500CC,8.4,0,UNIT,BOX
C11595,VELDA ROASTED RED PEPPER,6,500CC,9.99,0,UNIT,BOX
C11597,VELDA CABBAGE PICKLE,6,500CC,8.99,0,UNIT,BOX
C11598,VELDA RED GREEN JALAPENO,6,500CC,8.99,0,UNIT,BOX
C11599,VELDA RED JALAPENO,6,500CC,8.99,0,UNIT,BOX
C11600,VELDA CUCUMBER PICKLED NO:0,6,500CC,9.99,0,UNIT,BOX
C11601,VELDA MACEDONIAN PEPPER STEMMED,1,15KG,9.99,0,UNIT,BOX
C11602,VELDA ROASTED AUBERGINE,6,500CC,9.99,0,UNIT,BOX
C11603,VELDA ROASTED YELLOW RED PEPPER,6,500CC,9.99,0,UNIT,BOX
C11604,FANTA ORANGE UA,6,1.25LT,7.99,20,UNIT,BOX
C11629,BROWN KRAFT PAPER BAG SMALL 10*10,1,250,9.99,20,UNIT,BOX
C11630,BROWN KRAFT PAPER BAG MEDIUM 12*12,1,250S,9.99,20,UNIT,BOX
C11631,BROWN KRAFT PAPER BAG LARGE 14*18,1,500S,7.99,20,UNIT,BOX
C11632,D14 MEAT TRAY YELLOW,250,1,24.99,20,UNIT,BOX
C11635,1OZ HINGED SAUCE CUP,1,1000,9.99,0,UNIT,BOX
C11636,SOS LARGE BROWN PAPER BAG,250,1,14.99,0,UNIT,BOX
C11637,SOS MEDIUM KRAFT PAPER BAG,250,1,14.99,0,UNIT,BOX
C11638,D18 WHITE TRAY,250,1,24.99,20,UNIT,BOX
C11641,ULKER CREAM BISCUIT STRAWBERRY,24,61GR,8.99,0,UNIT,BOX
C11642,ULKER CREAM BISCUIT BANANA,24,61GR,8.99,0,UNIT,BOX
C11643,ULKER CREAM BISCUIT CHOCOLATE,24,61GR,8.99,0,UNIT,BOX
C11644,SIRMA SUNFLOWER OIL,20,1LT,28,0,UNIT,BOX
C11645,AMIGO MANGO,24,200ML,9.99,20,UNIT,BOX
C11646,COLA GAZA DIET,24,250ML,9.99,20,UNIT,BOX
C11695,SAMYANG BULDAK HOT CHICKEN NOODLE BLACK,8,140GX5,34.99,0,UNIT,BOX
C11696,SAMYANG BULDAK CARBONORA NOODLE,8,140GX5,39.99,0,UNIT,BOX
C11697,SAMYANG BULDAK CREAM CARBONORA NOODLE,8,140GX5,44.99,0,UNIT,BOX
C11698,SAMYANG BULDAK ROSE NOODLE,8,140GX5,44.99,0,UNIT,BOX
C11699,SAMYANG BULDAK QUATTRO CHEESE NOODLE,8,140GX5,44.99,0,UNIT,BOX
C11700,MD HEAVY DUTY BIN BAG 50S,1,10S,18.99,20,UNIT,
C11701,DEEP FRESH COTTON BUDS,12,100S,5.99,20,UNIT,BOX
C11702,MD HEAVY DUTY BIN BAG 20S,1,20S,17.99,20,UNIT,BOX
C11703,MD HEAVY DUTY BIN BAG 10S,1,20S,18.99,20,UNIT,BOX
C11704,PANDA CUDDLE SOFT TOILET TISSUE,10,4,8.99,0,UNIT,BOX
C11705,PANDA CUDDLE TOILET TISSUE,2,18,6.99,0,UNIT,BOX
C11706,SOFTESSE CUDDLE SUPER SOAKER KITCHEN TOWEL,1,4,9.99,0,UNIT,
C11707,DR PEPPER BLACKBERRY CAN USA,12,355ML,9.99,20,UNIT,BOX
C11708,GOLDEN EAGLE ENERGY DRINK,24,250ML,9.99,20,UNIT,BOX
C11709,DURU KOFTELIK BULGUR,12,1KG,13.99,0,UNIT,BOX
C11710,TEST PRD,18,98GR,0,0,UNIT,BOX
C11711,ULKER COCO STAR COCONUT BAR,24,25GR,7.99,0,UNIT,BOX
C11712,ULKER ALBENI BAR,24,40GR,8.99,0,UNIT,BOX
C11713,ULKER DANKEK TART MINI STRAWBERRY CAKE,10,150GR,9.99,0,UNIT,BOX
C11714,UMBRELLA CHOCOLATE,30,1,7.99,0,UNIT,BOX
C11715,BISKREM EXTRA CHOCOLATE BISCUIT,12,184GR,11.99,0,UNIT,BOX
C11716,FENOMEN BIG RABBIT,6,1,9.99,0,UNIT,BOX
C11717,FIRST SENSATION RASPBERY &LEMON,12,27GR,7.99,0,UNIT,BOX
C11718,FIRST SENSATION BLUE MINT,12,27GR,7.99,0,UNIT,BOX
C11719,FIRST SENSATION BLUE MINT 60 MINUTE,12,27GR,7.99,0,UNIT,BOX
C11720,FIRST SENSATION RASPBERY &BLACKBERRY,12,27GR,7.99,0,UNIT,BOX
C11721,FIRST SENSATION GREEN MINT,12,27GR,7.99,0,UNIT,BOX
C11722,FIRST SENSATION PLAIN,12,27GR,7.99,0,UNIT,BOX
C11723,FIRST SENSATION STRAWBERRY,12,27GR,7.99,0,UNIT,BOX
C11724,FIRST SENSATION TROPICAL,12,27GR,7.99,0,UNIT,BOX
C11725,FIRST SENSATION WATERMELON,12,27GR,7.99,0,UNIT,BOX
C11726,FIRST SENSATION WATERMELON PEACH,12,27GR,7.99,0,UNIT,BOX
C11727,FIRST SENSATION INFINITY GREEN,12,27GR,7.99,0,UNIT,BOX
C11728,KENT BORINGER JELLY BANANA,12,85GR,5.99,0,UNIT,BOX
C11729,KENT BORINGER JELLY CHERRY,12,85GR,5.99,0,UNIT,BOX
C11730,KENT BORINGER JELLY ORANGE,12,85GR,5.99,0,UNIT,BOX
C11731,KENT BORINGER RASBERRY,12,85GR,5.99,0,UNIT,BOX
C11732,KENT BORINGER JELLY STRAWBERRY,12,85GR,5.99,0,UNIT,BOX
C11733,KENT BORINGER CARBONATE,12,40GR,11.99,0,UNIT,BOX
C11734,KENT BORINGER DOUGH BAKING POWDER,48,10GR X 5,11.99,0,UNIT,BOX
C11735,KENT BORINGER SUGAR VANILLINE,24,40GRX3,11.99,0,UNIT,BOX
C11736,ETI POPKEK COCONUT,24,60GR,6.99,0,UNIT,BOX
C11737,TENO NAPKIN,32,100,9.99,0,UNIT,BOX
C11738,TENO TOWEL KITCHEN,4,6,9.99,0,UNIT,BOX
C11739,FAMILIA PLUS KITCHEN TOWEL,4,6,9.99,0,UNIT,BOX
C11740,LIPTON ICE TEA GREEN TEA,6,1.5LT,7.49,0,UNIT,BOX
C11741,BISCELLA CHOCOLATE MINI BISCUIT,12,125G,11.99,0,UNIT,BOX
C11742,BISCELLA STRAWBERRY MINI BISCUIT,12,125G,11.99,0,UNIT,BOX
C11743,SOUR PATCH KIDS,24,80GR,13,0,UNIT,BOX
C11744,PERRIER SLIM CAN,24,330ML,11.99,20,UNIT,BOX
C11773,7 DAYS,20,80GR,,0,UNIT,BOX
C11777,7 DAYS CROISSANT MAX COCOA,20,80GR,9.49,0,UNIT,BOX
C11779,7 DAYS CROISSANT MAX HAZELNUT,20,80GR,9.49,0,UNIT,BOX
C11780,7 DAYS CROISSANT DBL VANILLA & CHERRY,20,80GR,9.49,0,UNIT,BOX
C11781,7 DAYS CROISSANT DBL VANILLA & STRAWBERRY,20,80GR,9.49,0,UNIT,BOX
C11782,7 DAYS CROISSANT DBL COCOA & VANILLA,20,80 GR,9.49,0,UNIT,BOX
C11784,7 DAYS CROISSANT DOUBLE COCOA & COCONUT,20,80GR,9.49,0,UNIT,BOX
C11785,7 DAYS CROISSANT MAX FOREST FRUIT,20,80GR,9.49,0,UNIT,BOX
C11786,7 DAYS CROISSANT VANILLA & CR COCOA COOKIES,20,80GR,9.49,0,UNIT,BOX
C11787,7 DAYS CROISSANT MAX PEANUT,20,80GR,9.49,0,UNIT,BOX
C11788,7 DAYS CROISSANT MAX CHAMPAGNE,20,80GR,9.49,0,UNIT,BOX
C11790,TEST PACK URUN-ULKER KARE,6,6*60GR,42,0,PACK,BOX
C11791,DEEP FRESH MOP STICK,6,1,29.99,20,UNIT,BOX
C11792,DEEP FRESH MOP TOWEL,6,50S,19.99,0,UNIT,BOX
C11793,DEEP FRESH WET WIPES,12,100,22.99,20,UNIT,BOX
C11794,DEEP FRESH WET WIPES LEMON,12,100S,22.99,20,UNIT,BOX
C11795,MODERN ECO SERVIETTE NAPKIN,10,28X28,18.99,20,UNIT,BOX
C11796,TAKIS DRAGON SWEET CHILLI,18,90GR,29.99,0,UNIT,BOX
C11797,TAKIS QUESO,18,90GR,29.99,0,UNIT,BOX
C11798,SLEEPY WET WIPES LILLIUM,6,100S,13.2,20,UNIT,BOX
C11799,SLEEPY WET WIPES CHERRY,6,100S,13.2,20,UNIT,BOX
C11800,SLEEPY WET WIPES ORCHIDE,6,100S,13.2,20,UNIT,BOX
C11801,SLEEPY WIPES EASY CLEAN ( CHERRY ),6,100S,13.2,20,UNIT,BOX
C11802,SLEEPY WIPES EASY CLEAN ( LILIUM ),6,100S,13.2,20,UNIT,BOX
C11803,SLEEPY WIPES EASY CLEAN ( ORCHID ),6,100S,13.2,20,UNIT,BOX
C11807,MIRINDA ORANGE BOTTLE,12,500ML,8.99,20,UNIT,BOX
C11808,MIRINDA ORANGE BLONDE,12,500ML,8.99,0,UNIT,BOX
C11809,XOXO WATERMELON PREBIOTIC SODA CAN,12,330ML,11.99,20,UNIT,BOX
C11810,XOXO TROPICAL PREBIOTIC SODA CAN,12,330ML,11.99,20,UNIT,BOX
C11811,XOXO RED BERRIES PREBIOTIC SODA CAN,12,330ML,11.99,20,UNIT,BOX
C11812,XOXO GINGER & LEMON PREBIOTIC SODA CAN,12,330ML,11.99,20,UNIT,BOX
C11813,NESTLE DAMAK DRAJE,12,50G,14.99,20,UNIT,BOX
C11814,AMERICAN CHEETOS CRUNCHY CHEDDAR JALAPENO,10,226GR,36.99,0,UNIT,BOX
C11816,BAKLAVA CARROT SLICE,1,2PCS,5,0,UNIT,
C11817,BAKLAVA PISTACHIO MIX,1,500GR,5.5,0,UNIT,
C11818,FANTA JAPAN WHITE PEACH,24,300ML,34.99,0,UNIT,BOX
C11819,JAPAN DR PEPPER,24,350ML,34.99,0,UNIT,BOX
C11820,TROPICANA JAPAN ORANGE,12,330ML,19.99,0,UNIT,BOX
C11821,TROPICANA JAPAN MANGO,12,330ML,19.99,0,UNIT,BOX
C11822,TROPICANA JAPAN PINEAPPLE,12,330ML,19.99,0,UNIT,BOX
C11823,REDBULL BLUEBERRY BLACKCURRANT ASIA,24,250ML,29.99,0,UNIT,BOX
C11824,REDBULL APPLE ASIA,24,250ML,29.99,0,UNIT,BOX
C11826,TROPICANA JAPAN PEACH,12,330ML,19.99,0,UNIT,BOX
C11827,ERIKLI WATER,12,500ML,2,0,UNIT,BOX
C11828,ERIKLI WATER,6,1.5LT,2,0,UNIT,BOX
C11829,ANGEL HAIR PINK,15,90GR,39.99,0,UNIT,BOX
C11830,ANGEL HAIR WHITE,15,90GR,39.99,0,UNIT,BOX
C11831,CHOCOWISS RUBBY MILK CHOCOLATE,12,65GR,29.99,0,UNIT,BOX
C11832,CHOCOWISS RUBBY PINK CHOCOLATE,12,65GR,29.99,0,UNIT,BOX
C11833,NOOMZ FRUIT BITES,4,12x110GR,100.32,20,UNIT,BOX
C11834,NOOMZ FRUIT BEARS,4,12x34GR,80.16,20,UNIT,BOX
C11836,NOOMZ SOUR BITES,4,12x110GR,100.32,20,UNIT,BOX
C11837,NOOMZ LEMON BITES,4,12x110GR,100.32,20,UNIT,BOX
C11838,NOOMZ MINI ROCKS,4,12x150GR,100.32,20,UNIT,BOX
C11839,NOOMZ DRIFT ROCKS,4,12x110GR,100.32,20,UNIT,BOX
C11840,NOOMZ JELLY RINGS,4,12x34GR,80.16,20,UNIT,BOX
C11841,NOOMZ RAINBURSTS,4,12x100GR,100.32,20,UNIT,BOX
C11842,FROOBLZ JELLIES,20,315GR,19.99,20,UNIT,BOX
C11843,STRIKING LOLLIPOP STRAWBERRY,4,13.8GRX48,67.9,20,UNIT,BOX
C11844,STRIKING LOLLIPOP ELECTRIC SHOCK,4,13.8GRX48,67.9,20,UNIT,BOX
C11845,STRIKING LOLLIPOP GRAPE,4,13.8GRX48,67.9,20,UNIT,BOX
C11846,STRIKING LOLLIPOP BLOOD ORANGE,4,13.8GRX48,67.9,20,UNIT,BOX
C11847,STRIKING LOLLIPOP COLA,4,13.8GRX48,67.9,20,UNIT,BOX
C11848,STRIKING LOLLIPOP WATERMELON,4,13.8GRX48,67.9,20,UNIT,BOX
C11849,STRIKING POPPING CANDY STRAWBERRY,48,30GR,52.32,20,UNIT,BOX
C11851,STRIKING POPPING CANDY COLA,48,30GR,52.32,20,UNIT,BOX
C11852,STRIKING POPPING CANDY ELECTRIC SHOCK,48,30GR,52.32,20,UNIT,BOX
C11853,STRIKING POPPING CANDY BLUEBERRY,48,30GR,52.32,20,UNIT,BOX
C11854,STRIKING POPPING CANDY GREEN APPLE,48,30GR,52.32,20,UNIT,BOX
C11855,STRIKING POPPING CANDY LEMON,48,30GR,52.32,20,UNIT,BOX
C11856,ROYAL MOCHI CREAMY COCONUT,12,120GR,29.99,0,UNIT,BOX
C11857,ROYAL MOCHI MINT CHOC CHIP,12,120GR,29.99,0,UNIT,BOX
C11858,ROYAL MOCHI TIRAMISU & CREME,12,120GR,29.99,0,UNIT,BOX
C11859,ROYAL MOCHI CREAMY MATCHA LATTE,12,120GR,29.99,0,UNIT,BOX
C11860,ROYAL MOCHI PEANUT BUTTER,12,120GR,29.99,0,UNIT,BOX
C11861,ROYAL MOCHI SALTED CARAMEL,12,120GR,29.99,0,UNIT,BOX
C11862,ROYAL MOCHI STRAWBERRY CHEESECAKE,12,120GR,29.99,0,UNIT,BOX
C11863,ROYAL MOCHI MAPLE PANCAKE,12,120GR,29.99,0,UNIT,BOX
C11864,NESTLE CHOCOLATE WAFERS,20,27GR,5.99,20,UNIT,BOX
C11865,ANTEPBITE DUBAI CHOCOLATE SMALL PRE,24,100GR,72,0,UNIT,BOX
C11866,MIRINDA STRAWBERRY,6,1.5LT,6.49,20,UNIT,BOX
C11867,NESTLE DAMAK INCI,12,18GR,4.99,20,UNIT,BOX
C11869,ROYAL MOCHI VANILLA CREME,12,120GR,29.99,0,UNIT,BOX
C11882,BAKLAVA WALVUT KADAIF,1,200GR,1.6,0,PCS,
C11884,TRIP PEACH GINGER,12,250ML,12,0,UNIT,BOX
C11885,TRIP BLOOD ORANGE ROSEMARY,12,250ML,12,0,UNIT,BOX
C11886,TRIP LEMON BASIL,12,250ML,12,0,UNIT,BOX
C11887,TRIP ELDERRFLOWER MINT,12,250ML,12,0,UNIT,BOX
C11888,TRIP CUCUMBER MINT,12,250ML,12,0,UNIT,BOX
C11889,TRIP RASBERRY ORANGE BLOSSOM,12,250ML,12,0,UNIT,BOX
C11890,IM NATURAL SUNFLOWER OIL,15,1LT,21,0,UNIT,BOX
C11891,IM NATURAL SUNFLOWER OIL,3,5LT,21,0,UNIT,BOX
C11905,BREAD WRAPPING PAPER ( 124-128 ),1,20X24,0,20,UNIT,
C11906,CRYSTAL POLYBAG8X12X22,1,100GR,0,20,UNIT,
C11907,CHEFF ROYALE CONTAINER WITH LID 250PACK,1,100ML,0,20,UNIT,
C11908,MALLOW COCONUT PIE CAKE WITH MARSHMALLOW,12,184GR,8.4,0,UNIT,BOX
C11909,POPPING BOBBY BUBBLE TEA BLUEBERRY WITH MANGO,6,280GR,24,0,UNIT,BOX
C11910,POPPING BOBBY BUBBLE TEA DARK CHOCOLATE WITH STRAWBERRY,6,280GR,24,0,UNIT,BOX
C11911,POPPING BOBBY BUBBLE TEA DARK CHOCOLATE WITH COCONUT,6,280GR,24,0,UNIT,BOX
C11912,POPPING BOBBY BUBBLE TEA MANGO WITH PASSIONFRUIT,6,280GR,24,0,UNIT,BOX
C11913,POPPING BOBBY BUBBLE TEA PASSION FRUIT WITH LYCHEE,6,280GR,24,0,UNIT,BOX
C11914,POPPING BOBBY BUBBLE TEAPASSION FRUOT WITH STRAWBERRY,6,280GR,24,0,UNIT,BOX
C11915,POPPING BOBBY BUBBLE TEA STRAWBERRY WITH PEACH,6,280GR,24,0,UNIT,BOX
C11916,POPPING BOBBY BUBBLE TEA WATERMELON WITH BUTTERFLY,6,280GR,24,0,UNIT,BOX
C11918,FANTA BLUE EU,12,500ML,9.99,0,UNIT,BOX
C11919,FANTA GREEN EU,12,500ML,9.99,0,UNIT,BOX
C11920,ETI CIN LOKMANLIK CILKELI,18,114GR,9.99,0,UNIT,BOX
C11921,MOJA MANGO % 100 PURE JUICE,12,320ML,11.99,20,UNIT,BOX
C11922,MOJA PASSION FRUIT % 100 PURE JUICE,12,320ML,11.99,20,UNIT,BOX
C11923,MOJA PINK GUAVA % 100 PURE JUICE,12,320ML,11.99,20,UNIT,BOX
C11924,MOJA LYCHEE % 100 PURE JUICE,12,320ML,11.99,20,UNIT,BOX
C11925,MOJA WATERMELON % 100 PURE JUICE,12,320ML,11.99,20,UNIT,BOX
C11927,CAPRI SUN MYSTIC DRAGON,40,200ML,0,20,UNIT,BOX
C11928,CAPRI SUN MONSTER ALARM,10,200ML,0,0,UNIT,BOX
C11929,CAPRISUN SAFARI,10,200ML,0,0,UNIT,BOX
C11932,STARBUCKS STRAWBERRY BLACKCURRANT BLACK TEA,15,330ML,27.99,0,UNIT,BOX
C11933,STARBUCKS PEACH OOLONG TEA,15,330ML,27.99,0,UNIT,BOX
C11935,STARBUCKS REFRESHERS PURPLE MANGO DRAGON FRUIT,15,270ML,27.99,0,UNIT,BOX
C11936,STARBUCKS REFRESHERS PINK STRAWBERRY,15,270ML,27.99,0,UNIT,BOX
C11937,HIP POP APPLE & ELDERFLOWER KOMBUCHA,12,330ML,11.99,20,UNIT,BOX
C11938,HIP POP STRAWBERRY & PINEAPPLE KOMBUCHA,12,330ML,11.99,20,UNIT,BOX
C11939,HIP POP TROPICAL PEACH SODA,12,330ML,11.99,20,UNIT,BOX
C11940,HIP POP BERRIES & CERRIES SODA,12,330ML,11.99,20,UNIT,BOX
C11941,PALLET RAP,6,,18,20,UNIT,BOX
C11942,FANTA TROPICAL EU,12,500ML,9.99,20,UNIT,BOX
C11943,FANTA MADNESS EU,12,500ML,9.99,20,UNIT,BOX
C11944,FANTA ZERO MANGO EU,12,500ML,9.99,20,UNIT,BOX
C11945,FANTA PEAR EU,12,500ML,9.99,20,UNIT,BOX
C11946,FANTA LEMON EU,12,500ML,9.99,20,UNIT,BOX
C11947,NESTLE NIDO MILK POWDER,6,900ML,60,0,UNIT,BOX
C11948,ETI POPKEK DARK CHOCOLATE,24,60GR,6.99,0,UNIT,BOX
C11950,GREEN LAND XXL BASMATI RISE,2,9KG,29.99,0,UNIT,BOX
C11951,GREEN LAND XXL BASMATI RICE,4,4.5KG,29.99,0,UNIT,BOX
C11953,COCA COLA CHERRY EU,24,330ML,9,20,UNIT,BOX
C11954,COCA COLA VANILLA,24,330ML,9,20,UNIT,BOX
C11955,FANTA EXOTIC EU,24,330ML,9.49,20,UNIT,BOX
C11957,B52 ENERGY DRINK,24,250ML,12,20,UNIT,BOX
C11958,TANGO APPLE CAN SUGAR FREE,24,330ML,9.49,20,UNIT,BOX
C11959,ENERGY PLUS,24,250ML,13.99,20,UNIT,BOX
C11960,ENERGY PLUS,24,330ML,15.99,20,UNIT,BOX
C11961,BLACK REFUSE BAG 130L,1,80X130MM,1.2,20,UNIT,
C11962,VEST CARRIER BAGS 300PCS,1,180X550MM,19.9,20,UNIT,
C11963,VEST CARRIER BAGS 280PCS,1,140X480MM,15,20,UNIT,
C11964,PLASTIC FORK,1,10X100PCS,16.5,20,UNIT,
C11965,PLASTIC KNIFE,1,50X20PCS,16.75,20,UNIT,
C11966,PLASTIC SPOON,1,100X10PCS,19,20,UNIT,
C11968,LAYS SALT,21,125GR,23.1,0,UNIT,BOX
C11969,LAYS BARBEQUE BBQ,21,125GR,23.1,0,UNIT,BOX
C11970,LAYS CHICKEN WITH SPICES,21,125GR,23.1,0,UNIT,BOX
C11971,LAYS PAPRIKA,21,125GR,23.1,0,UNIT,BOX
C11972,LAYS DILL,21,125GR,23.1,0,UNIT,BOX
C11973,LAYS CHEESE,21,125GR,23.1,0,UNIT,BOX
C11974,HELLMANN'S MAYONNAISE PM 2.99,6,800GR,13.2,0,UNIT,BOX
C11975,PEPSI IMPORT,6,1.5LT,4.99,20,UNIT,BOX
C11976,12 O ALIMUNYUM KUNEFE CONTAINER,1,,0,20,UNIT,
C11977,LIDS 12 CONTAINER 400PCS,1,,0,20,UNIT,
C11979,New Product,6,1000GR,,0,UNIT,BOX
C11980,ONCU OLIVES M-S,6,1000GR,0,0,UNIT,BOX
C11981,ONCU OLIVES XL-L,6,1000GR,0,0,UNIT,BOX
C11982,BOBBO MR WATERMELON CANDY,24,38GR,8.99,0,UNIT,BOX
C11985,MIRINDA PINEAPPLE,6,1.5LT,6.49,20,UNIT,BOX
C11986,SAMYANG BULDAK 2X SPICY,8,140GX5,34.99,0,UNIT,BOX
C11987,AMOS PEELERZ MANGO,12,65GR,13.99,0,UNIT,BOX
C11988,AMOS PEELERZ BANANA,12,65GR,13.99,0,UNIT,BOX
C11989,PANDAX NO 6A ALUMINIUM FOIL CONTAINER,500,,0,20,UNIT,BOX
C11990,PANDAX NO 6 ALUMINIUM FOIL CINTAINER 500pcs,1,,0,20,UNIT,
C11991,PANDAX NO 9 HEAVY DUTY ( 9X9X1.5) 200pcs,1,,0,20,UNIT,
C11992,PANDAX NO 9 DEEP HEAVY DUTY (9x9x2) 200pcs,1,,0,20,UNIT,
C11993,NO 9 LID HEAVY DUTY 200pcs,1,,0,20,UNIT,
C11994,PANDAX NO 2 ALUMINIUM FOIL 1000pcs,1,,0,20,UNIT,
C11995,FISH & CHIPS BOX NEWSPAPER PRINT SMALL,1,,0,20,UNIT,
C11996,FISH & CHIPS BOX NEWSPAPER PRINT MEDIUM,1,,0,20,UNIT,
C11997,FISH & CHIPS BOX NEWSPAPER PRINT LARGE,1,,0,20,UNIT,
C11999,PLASTIC SALAD CONTAINER 600pcs,600,375CC,0,20,UNIT,BOX
C12000,PEPSI CAN EU,24,330ML,7.49,20,UNIT,BOX
C12001,SEVEN UP,6,1.5LT,4.99,20,UNIT,BOX
C12003,MIRINDA POMME KIWI,6,1.5LT,6.49,20,UNIT,BOX
C12004,PLASTIC SALAD CONTAINER 600pcs,1,500CC,0,20,UNIT,
C12005,PLASTIC SALAD CONTAINER 400pcs,1,750CC,0,20,UNIT,
C12006,PLASTIC SALAD CONTAINER 400pcs,1,1000CC,0,20,UNIT,
C12007,PANDAX MICROWAVE CONTAINER 250pcs,1,500ML,0,20,UNIT,
C12008,PANDAX MICROWAVE CONTAINER 250pcs,1,750ML,0,20,UNIT,
C12009,PANDAX MICROWAVE CONTAINER 250pcs,1,1000ML,0,20,UNIT,
C12010,2 CUP HOLDER 240pcs,1,,0,20,UNIT,
C12011,4 CUP HOLDER 260pcs,1,,0,20,UNIT,
C12012,SERA CLING FILM,1,45CMX1500MM,0,20,UNIT,
C12013,TERMALL TILL ROLL 20pcs,1,80X70MM,0,20,UNIT,
C12014,TERMAL TILL ROLL 50pcs,1,57X40MM,0,20,UNIT,
C12015,BLUE NITRILE GLOVES POWDER FREE LARGE 100pcs,1,,0,20,UNIT,
C12016,BLACK NITRILE GLOVES POWDER FREE LARGE,1,,0,20,UNIT,
C12017,7 DAYS CROISSANT MAX HAZELNUT COOKIES,20,80GR,9.49,0,UNIT,BOX
C12018,7 DAYS CROISSANT MINI CHAMPAGNE,8,185GR,10.8,0,UNIT,BOX
C12019,7 DAYS CROISSANT MINI COCOA VANILLA,8,185GR,10.8,0,UNIT,BOX
C12020,ETI KARAM GURME,24,50GR,12,0,UNIT,BOX
C12022,SOUR PATCH KIDS TROPICAL,12,3.5OZ (99GR),14,20,UNIT,BOX
C12023,SOUR PATCH KIDS EXTREME,12,3.5OZ (99GR),14,20,UNIT,BOX
C12025,SOUR PATCH WATERMELON,12,3.5OZ (99GR),14,20,UNIT,BOX
C12026,SOUR PATCH GRAPE,12,102GR,14,20,UNIT,BOX
C12027,SOUR PATCH GLOWUP,12,87GR,14,20,UNIT,BOX
C12028,MIKE IKE ORIGINAL FRUITS,12,120GR,14,0,UNIT,BOX
C12029,MIKE IKE SOUR WATERMNELON,12,120GR,14,0,UNIT,BOX
C12030,MIKE IKE RED RAGEOUS,12,120GR,14,0,UNIT,BOX
C12031,MIKE IKE TROPICAL TYPOON,12,120GR,14,0,UNIT,BOX
C12032,MIKE IKE JOLLY JOES,12,120GR,14,0,UNIT,BOX
C12033,MIKE IKE BERRY BLAST,12,120GR,14,0,UNIT,BOX
C12034,MOUNTAIN DEW LIVE WIRE CAN USA,12,355ML,12,20,UNIT,BOX
C12036,MOUNTAIN DEW CODE RED CAN USA,12,355ML,12,20,UNIT,BOX
C12037,MOUNTAIN DEW VOLTAGE RESPBERRY CAN USA,12,355ML,12,20,UNIT,BOX
C12038,MOUNTAIN DEW BAJA CABO CITRUS CAN USA,12,355ML,12,20,UNIT,BOX
C12039,TAKIS CHURRO CHARGE,12,280GR,50,20,UNIT,BOX
V.000071,SELPAK TISSUE,30,10S,29.99,0,UNIT,BOX
V.000361,ULKER COKONAT,24,33GR,9.99,0,UNIT,BOX
V.000377,ULKER PETIBOR PLAIN,10,450GR,11.1,0,PCS,BOX
V.000499,ULKER COKOPRENS 10S,12,cizme,13.99,0,PCS,BOX
V.000508,ULKER HALLEY MINI,24,66GR,14.99,0,UNIT,BOX
V.000539,ULKER NAPOLITEN CIKOLATA SUTLU,20,33GR,11.99,20,PCS,BOX
V.001207,KOSKA DUT PEKMEZI,12,380GR,36.99,0,UNIT,BOX
V.001211,KOSKA UZUM PEKMEZI,12,380GR,36.99,0,UNIT,BOX
V.001213,KOSKA HARNUP PEKMEZI,12,380GR,24.99,0,UNIT,BOX
V.001229,KOSKA TAHINI,12,300GR,38.99,0,UNIT,BOX
V.001449,DR OETKER CARBONATE,6,5'SX30,99,0,PACK,BOX
V.001510,MEHMET EFENDI TURKISH COFFEE,6,500GR,41.94,0,PCS,BOX
V.001830,NUTELLA SPREAD,15,400GR,41.25,0,PCS,BOX
V.001837,NUTELLA SPREAD,12,750GR,59.99,0,PCS,BOX
V.002458,KNORR KOFTE HARCI,4,12X82GR,49.99,0,UNIT,BOX
V.002846,HARIBO TEETH,24,80GR,13.49,20,UNIT,BOX
V.003143,ULKER HAYLAYF,24,64GR,8.99,0,PCS,BOX
V.003171,ULKER KARE PISTACHIO,6,60GR,9.15,20,UNIT,PACK
V.003240,FILIZ PASTA ARPA SEHRIYE,20,500GR,13,0,UNIT,BOX
V.003241,FILIZ PASTA DIRSEK,20,500GR,13,0,UNIT,BOX
V.003246,FILIZ PASTE TEL SEHRIYE,20,500GR,13,0,UNIT,BOX
V.003408,ULUDAG MINERAL WATER,24,200ML,6.99,20,PCS,BOX
V.003571,COCA COLA TR,6,2.5LT,9.99,20,PCS,BOX
V.003572,PEPSI COLA TR,6,2.5LT,9.49,20,PCS,BOX
V.003575,FANTA ORANGE,6,2.5LT,9.99,20,PCS,BOX
V.003580,ULUDAG GAZOZ,24,250ML,11.5,20,PCS,BOX
V.003603,ULUDAG LIMONATA,12,1LT,11.99,20,UNIT,BOX
V.003640,FILIZ PASTA SPAGETTI,20,500GR,13,0,UNIT,BOX
V.003662,ULKER COKOKREM,12,40GR,5.99,0,UNIT,BOX
V.003664,KOSKA DIABETIC HALVA PLAIN,12,350GR,49.99,0,UNIT,BOX
V.003671,KOSKA DIABETIC HALVA COCOA,12,350GR,49.99,0,UNIT,BOX
V.003726,KOSKA TAHIN PEKMEZ MIX KECIBOYNUZLU,12,350GR,38.99,0,UNIT,BOX
V.003826,FILIZ PASTA YUKSUK,20,500GR,13,0,UNIT,BOX
V.003828,FILIZ PASTA FIYONK,20,500GR,13,0,UNIT,BOX
V.003829,FILIZ PASTA BURGU,20,500GR,13,0,UNIT,BOX
V.003830,FILIZ PASTA INCE UZUN,20,500GR,13,0,UNIT,BOX
V.003832,FILIZ PASTA MANTI,20,500GR,13,0,UNIT,BOX
V.003833,FILIZ PASTA KALEM,20,500GR,13,0,UNIT,BOX
V.003835,FILIZ PASTA ERISTE,20,500GR,13,0,UNIT,BOX
V.003841,FILIZ PASTA KELEBEK,20,500GR,13,0,UNIT,BOX
V.003843,FILIZ PASTA FIRIN,20,500GR,13,0,UNIT,BOX
V.003844,FILIZ PASTA YILDIZ SEHRIYE,20,500GR,13,0,UNIT,BOX
V.004025,ULKER KARE MILK CHOCOLATE,6,60GR,6.49,20,UNIT,PACK
V.004132,ONCU PEPPER PASTE HOT,12,700GR,36.99,0,PCS,BOX
V.004133,ONCU PEPPER PASTE SWEET,6,1650GR,39.99,0,PCS,BOX
V.004461,DOGANAY SALGAM TURNIP JUICE SWEET,12,1LT,11.99,0,PCS,BOX
V.004462,DOGANAY SALGAM TURNIP JUICE HOT,12,1LT,11.99,0,PCS,BOX
V.004469,DOGANAY LEMONADE,12,1LT,11.99,20,PCS,BOX
V.004643,ETI BROWNI GOLD CHERRY,24,45GR,6.99,0,PCS,BOX
V.004661,ETI POPKEK STRAWBERRY,24,40GR,6.99,0,UNIT,BOX
V.004663,ETI TOPKEK HAZELNUT COCAO,24,35GR,5.99,0,UNIT,BOX
V.004672,ETI TOPKEK MEYVELI,24,40GR,4.99,0,UNIT,BOX
V.004679,ETI BROWNI GOLD CACAO,24,45GR,6.99,0,PCS,BOX
V.004694,ETI PUF COCONUT,48,16GR,5.99,0,PCS,BOX
V.004695,ETI PUF RENKLI,48,16GR,5.99,0,PCS,BOX
V.005020,COCA COLA TR,6,1.5LT,7.49,20,PCS,BOX
V.005092,ULKER CANPARE CHOCOLATE,24,81GR,9.99,0,UNIT,BOX
V.005093,ULKER CANPARE HAZELNUT,24,81GR,9.99,0,UNIT,BOX
V.005114,ULKER PETIBOR COCAO,10,450GR,11.99,0,PCS,BOX
V.005125,ULKER KARE HAZELNUT CHOCOLATE,6,60GR,7.2,0,PCS,PACK
V.005402,ARIEL LAUNDRY POW.EXPERT,1,10KG,16.99,20,PCS,BOX
V.005501,FAIRY WASHING UP LIQUID APPLE,20,650ML,26.99,20,PCS,BOX
V.005502,FAIRY WASHING UP LIQUID LEMON,20,650ML,26.99,20,PCS,BOX
V.005503,FAIRY WASHING UP LIQUID ORANGE,20,650ML,26.99,20,PCS,BOX
V.005526,FILIZ PASTA BONCUK,20,500GR,13,0,UNIT,BOX
V.005705,FINISH DISHWASHER SHINER NORMAL,12,400ML,26.9,20,PCS,BOX
V.006151,DOMESTOS BLEACH  LEMON,20,750ML,23.9,20,PCS,BOX
V.006152,DOMESTOS BLEACH SNOW WHITE,20,750ML,23.9,20,PCS,BOX
V.006154,DOMESTOS BLEACH EUCALYPTUS,20,750ML,23.9,20,PCS,BOX
V.006155,DOMESTOS BLEACH MOUNTAIN BREEZE,20,750ML,23.9,20,PCS,BOX
V.006348,BINGO MATIC POWDER,1,9KG,9.9,20,UNIT,BOX
V.006418,PAPIA TOILET PAPER,3,16''S,12.99,20,PCS,BOX
V.006761,PAPIA TOWEL,4,6''S,9.99,20,PCS,BOX
V.007508,ETI PUF CHOCOLATE,48,18GR,5.99,0,PCS,BOX
V.007510,ULKER DANKEK ROLL CAKE CHOCOLATE,8,235GR,8.8,0,PCS,BOX
V.007560,FILIZ PASTA KUSKUS,20,500GR,13,0,UNIT,BOX
V.007562,FILIZ PASTA LINGUINE,20,500GR,13,0,UNIT,BOX
V.007746,ONCU PEPPER PASTE SWEET,4,4.3KG,64,0,PCS,BOX
V.007747,ONCU PEPPER PASTE HOT,4,4.3KG,64,0,PCS,BOX
V.007749,ONCU TOMATO PASTE,4,4.3KG,30,0,PCS,BOX
V.007750,ONCU SWEET PEPPER PASTE,12,700GR,36.99,0,PCS,BOX
V.007751,ONCU TOMATO PASTE,12,700GR,16.8,0,PCS,BOX
V.007756,ONCU TOMATO PASTE (TIN),12,830GR,16.8,0,PCS,BOX
V.008087,ULKER RONDO BANANA,24,61GR,8.99,20,PCS,BOX
V.008501,LIPTON ICE TEA PEACH,6,1.5LT,7.49,20,PCS,BOX
V.008502,LIPTON ICE TEA MANGO,6,1.5LT,7.49,20,PCS,BOX
V.008503,LIPTON ICE TEA LEMON,6,1.5LT,7.49,20,PCS,BOX
V.008548,ETI TOPKEK ORANGE,24,40GR,4.99,0,PCS,BOX
V.008705,ETI POPKEK CHERRY,24,60GR,6.99,0,UNIT,BOX
V.009374,ULKER DANKEK ROLL CAKE STRAWBERRY,8,235GR,8.8,0,PCS,BOX
V.009383,ULKER IKRAM CIKOLATA KREMA,24,84GR,9.99,0,PCS,BOX
V.009390,ULKER IKRAM FINDIK KREMA,24,84GR,9.99,0,PCS,BOX
V.009504,COCA COLA TR,12,1LT,11.5,20,PCS,BOX
V.009635,ETI BURCAK KLASIK,24,131GR,9.99,0,PCS,BOX
V.009653,FANTA ORANGE,12,1LT,10.99,20,PCS,BOX
V.010776,TENO TOILET PAPER,3,32S,14.99,20,UNIT,BOX
V.011280,PERSIL LAUNDRY POWDER 10 KG COLOR,1,10KG,11.99,20,PCS,
V.011422,BISCOLATA STIX MILKY CHOCOLATE,16,40GR,12.99,0,PACK,BOX
V.011574,ARIEL LAUNDRY POW.BRIGHT COLOR,1,10KG,13.99,20,PCS,BOX
V.011581,CILLIT BANG LIMESCALE REMOVER SPRAY,12,750ML,20.99,20,PCS,BOX
V.011648,ULKER RONDO STRAWBERRY,24,61GR,8.99,20,PCS,BOX
V.011894,SOLEN BISCOLATA PIA ORANGE,24,100GR,24.99,0,PCS,BOX
V.011895,SOLEN BISCOLATA PIA FRAMBUAZ,24,100GR,24.99,0,PCS,BOX
V.011897,SOLEN LUPPO CAKE,12,184GR,11.99,0,PCS,BOX
V.011898,SOLEN LUPPO CAKE CHOCOLATE,12,184GR,11.99,0,PCS,BOX
V.012692,SOLEN BISCOLATA MOOD  SUTLU CIK.PLS KUTU,24,125GR,31.99,0,PCS,BOX
V.012705,SOLEN BISCOLATA MOOD BITTER CIK.PLS KUTU,24,125GR,31.99,0,PCS,BOX
V.013654,ULKER BISKREM COCAO,18,100GR,8.99,0,PCS,BOX
V.014320,BISCOLATA STIX PIRINC PATLAKLI,12,34GR,6.99,0,PACK,BOX
V.014799,ULKER RULOKAT,6,170GR,8.99,0,PCS,BOX
V.015528,CILLIT BANG OIL REMOVER SPRAY,12,750ML,20.25,20,PCS,BOX
V.015823,SEYIDOGLU TAHIN PEKMEZ IKILI SET,12,740GR,49.99,0,UNIT,BOX
V.017381,FANTA ORANGE,6,1.5LT,6.49,20,PCS,BOX
V.017529,SARIKIZ MINERAL WATER LEMON C-PLUS,24,200ML,6.99,20,PCS,BOX
V.017646,SARIKIZ MINERAL WATER,24,250ML,5,20,PCS,BOX
V.018193,CILLIT BANG FOAM SURFACE BLOW,6,600ML,29.9,20,PCS,BOX
V.019033,LISTERINE FLUORIDE MOUTH WASH STAYWHITE,6,250ML,14.45,20,PCS,BOX
V.019624,LISTERINE DAILY MOUTH WASH COOL MINT,6,250ML,14.45,20,PCS,BOX
V.020309,HEINZ TOMATO KETCHUP,10,570GR,24.99,0,UNIT,BOX
V.020681,OBA PASTA SPAGHETTI,20,500GR,9.99,0,PCS,BOX
V.020683,OBA PASTA ARPA SEHRIYE,20,500GR,9.99,0,PCS,BOX
V.020685,OBA PASTA TEL SEHRIYE,20,500GR,9.99,0,PCS,BOX
V.020689,OBA PASTA YUKSUK,20,500GR,9.99,0,PCS,BOX
V.020691,OBA PASTA INCE KESME,20,500GR,9.99,0,PCS,BOX
V.020696,OBA PASTA BURGU,20,500GR,9.99,0,PCS,BOX
V.020703,OBA PASTA FIYONK,20,500GR,9.99,0,PCS,BOX
V.020705,OBA PASTA ERISTE,20,500GR,9.99,0,PCS,BOX
V.022481,ULKER SAKLIKOY MILK CREAM,24,100GR,12.99,0,PCS,BOX
V.022482,ULKER SAKLIKOY HAZELNUT,24,100GR,10.8,0,PCS,BOX
V.022881,ETI BURCAK SUTLU,12,114GR,11.99,0,PCS,BOX
V.022898,LISTERINE MOUTH WASH TOTAL CARE,6,250ML,14.45,20,PCS,BOX
V.022901,LISTERINE MOUTH WASH TOTAL CARE ZERO,6,250ML,14.45,20,PCS,BOX
V.023331,DIDI PEACH,6,1.5LT,5.49,20,PCS,BOX
V.023359,COCA COLA GLASS TR,24,200ML,11,20,UNIT,BOX
V.023399,SOLEN BISCOLATA PIA CHOCOLATE,24,100GR,24.99,0,PCS,BOX
V.024266,FINISH DISHWASHER TABS H1A,3,100''S,44.99,20,PCS,BOX
V.025666,LISTERINE MOUTH WASH ADV. WHITE,6,250ML,14.45,20,PCS,BOX
V.025685,ETI TUTKU,24,100GR,16.08,0,UNIT,BOX
V.025689,MOLFIX BABY NAPPIES NO:2-MINI,3,80S,19.9,20,UNIT,BOX
V.025690,MOLFIX BABY NAPPIES NO:3-MIDI,3,68S,19.9,20,UNIT,BOX
V.025691,MOLFIX BABY NAPPIES NO:4-MAXI,3,60S,19.9,20,UNIT,BOX
V.025997,ULKER HANIMELLER COKODAMLA,18,82GR,7.99,0,PCS,BOX
V.026010,ULKER HANIMELLER FINDIKLI,18,82GR,8.99,0,PCS,BOX
V.027158,ULKER SAKLIKOY CHOCOLATE,24,87GR,11.49,0,PCS,BOX
V.027491,CAPRISUN SAFARI,40,200ML,12,20,PCS,BOX
V.027913,ULKER DANKEK ROLL CAKE BANANA,8,235GR,8.8,0,PCS,BOX
V.028532,FAIRY DISHWASHER TABS H1A,4,60''S,31.99,20,PCS,BOX
V.028723,ULKER RULOKAT FINDIK KREMA,12,42GR,5.99,0,PCS,BOX
V.028759,BILLUR SALT,12,250GR,8.99,0,UNIT,BOX
V.028807,FLEXI PLASTIC DISPOSABLE CUPS,240,10s,120,20,UNIT,BOX
V.029038,KINDER JOY ERKEK,48,20GR,34.99,20,UNIT,BOX
V.029039,KINDER JOY KIZ,48,20GR,34.99,20,UNIT,BOX
V.029197,ETI POPKEK BANANA,24,60GR,6.99,0,UNIT,BOX
V.029198,ETI POPKEK CHOCOLATE,24,60GR,6.99,0,UNIT,BOX
V.029199,ETI POPKEK LEMON,24,60GR,6.99,0,UNIT,BOX
V.029500,LAYS CLASSIC,23,100GR,22.99,0,PCS,BOX
V.029501,LAYS YOG MEVSIM SUPER BOY,23,100GR,22.99,0,PCS,BOX
V.029504,RUFFLES KETCHUP SUPER SIZE,26,100GR,24.99,0,PCS,BOX
V.029507,DORITOS TACO SUPER SIZE,23,109GR,22.99,0,PCS,BOX
V.029508,DORITOS NACHO CHEESE SUPER SIZE,23,109GR,23,0,PCS,BOX
V.029509,DORITOS MEXICANO,23,109GR,22.99,0,PCS,BOX
V.029510,CEREZZA TV SUT MISIR SUPER BOY,23,121GR,21.99,20,PCS,BOX
V.029590,COCA COLA GLASS TR,1,6*200ML,2.49,20,UNIT,BOX
V.029626,FAIRY DISHWASHER TABS H1A,2,100''S,33.99,20,PCS,BOX
V.029650,ETI POPKEK ORANGE,24,60GR,6.99,0,UNIT,BOX
V.029947,ONCU KETCHUP ACI,12,400GR,9.99,0,UNIT,BOX
V.029948,ONCU KETCHUP TATLI,12,400GR,9.99,0,UNIT,BOX
V.030040,KOSKA HARNUP PEKMEZI,12,700GR,38.99,0,UNIT,BOX
V.030056,ETI CIN LOKMALIK PORTAKAL,18,114GR,9.99,20,PCS,BOX
V.030071,LAYS YOG MEVSIM FIRIN SUPER BOY,30,92GR,29.99,20,PCS,BOX
V.030837,DORITOS HOT CORN,23,109GR,22.99,0,PCS,BOX
V.030864,ETI BALIK KRAKER,16,40GR,4.99,0,PCS,BOX
V.031394,ETI POPKEK MINI  COCAO,10,180GR,9.49,0,PCS,BOX
V.031395,ETI POPKEK MINI BANANA,10,180GR,9.49,0,PCS,BOX
V.031396,ETI POPKEK MINI LEMON,10,180GR,9.49,0,PCS,BOX
V.031403,ETI TUTKU BAG,18,210GR,17.99,0,UNIT,BOX
V.031877,HALLEY BLACKBERRY,12,7S,18.99,0,UNIT,BOX
V.032003,BEYPAZARI MINERAL WATER LEMON,24,200ML,6.49,20,PACK,BOX
V.032004,BEYPAZARI MINERAL WATER APPLE,24,200ML,6.49,0,PACK,BOX
V.032020,CAPRI SUN MYSTIC DRAGON,20,200ML,5.99,0,PCS,BOX
V.033460,NEFIS VANILLA WAFER,20,300GR,12.99,0,UNIT,BOX
V.033518,CAYKUR RIZE TEA,10,1000GR,59.99,0,UNIT,BOX
V.033681,CAYKUR TIRYAKI BLACK TEA,10,1000GR,59.99,0,UNIT,BOX
V.035313,REKOLTE TOMATO PASTE,4,4.3KG,22.99,0,PCS,BOX
V.035341,NEFIS HAZELNUT WAFER,20,300GR,12.99,0,UNIT,BOX
V.035618,CAYKUR FILIZ TEA,15,500GR,44.99,0,UNIT,BOX
V.036233,OBA PASTA DIRSEK,20,500GR,9.99,0,PCS,BOX
V.036234,OBA PASTA KELEBEK,20,500GR,9.99,0,PCS,BOX
V.036235,OBA MAKARNA PENNE,20,500GR,9.99,0,UNIT,BOX
V.037815,ULKER BISKREM BAG,12,200GR,11.99,0,UNIT,BOX
V.038597,CAYKUR TIRYAKI TEA,15,500GR,47.99,0,UNIT,BOX
V.039305,SOLEN LUPPO CAKE CARAMEL,12,182GR,14.4,0,PCS,BOX
V.039403,CAYKUR RIZE TOURIST TEA,15,500GR,47.99,0,UNIT,BOX
V.039497,KOSKA PISTACHIO HELVA,12,400GR,49.99,0,UNIT,BOX
V.039499,KOSKA COCOA HELVA,12,400GR,36.99,0,UNIT,BOX
V.040672,SIGNAL TOOTH PASTE WHITE NOW GOLD,24,75ML,59.75,20,PCS,BOX
V.041210,ULKER PETIBOR PLAIN,6,800GR,9.49,0,PCS,BOX
V.041211,ULKER FINGER BISCUIT,5,750GR,9.99,0,UNIT,BOX
V.041841,ETI CICIBEBE BISCUIT,8,400GR,11.99,0,UNIT,BOX
V.043219,ULKER CUBUK KRAKER SADE,36,40GR,5.99,0,PCS,BOX
V.043220,ULKER CUBUK KRAKER SADE,20,80GR,5.99,0,UNIT,BOX
V.044158,BARILLA PASTA FUSILLI(BURGU),9,500GR,9.99,0,UNIT,BOX
V.044166,BARILLA PASTA FARFALLE(KELEBEK),9,500GR,9.99,0,UNIT,BOX
V.044167,BARILLA PASTA FARFALLE TONDE(FIYONK),9,500GR,9.99,0,UNIT,BOX
V.044168,BARILLA PASTA PIPETTE(BUKLE),9,500GR,9.99,0,UNIT,BOX
V.044170,BARILLA PASTA PENNE(KALEM),9,500GR,9.99,0,UNIT,BOX
V.044658,STEPY BAKING PAPER,24,24S,23.76,20,UNIT,BOX
V.044788,STEPY SCOURER (OVMA TELI),48,3S,95.52,20,UNIT,BOX
V.044799,YORUK ANA FRUIT JUICE BLACK MULBERRY,6,1000ML,11.9,20,UNIT,BOX
V.045255,DEVA LUX PREMIUM SPOON,40,100S,79.6,20,UNIT,BOX
V.045349,ULKER CIZI,24,70GR,8.99,0,PCS,BOX
V.045750,STEPY FRIDGE BAG,48,20S,28.32,20,UNIT,BOX
V.045796,DIMES SOUR APPLE,12,1LT,14.4,20,PCS,BOX
V.045797,DIMES PINEAPPLE,12,1LT,14.4,20,PCS,BOX
V.046415,ULKER HANIMELLER COKODAMLA BAG,12,150GR,11.99,0,UNIT,BOX
V.046778,ULKER CIKOLATALI GOFRET,36,36GR,11.99,0,PCS,BOX
V.046946,HARIBO CHAMALLOWS CHOCO,24,62GR,13,20,UNIT,BOX
V.046980,ONCU MIX PASTE,12,700GR,32.99,0,PCS,BOX
V.047163,ULKER CUBUK KRAKER SUSAMLI,22,45GR,6.99,0,PCS,BOX
V.047234,ONCU HOT PEPPER PASTE,12,360GR,21.99,0,UNIT,BOX
V.047235,ONCU MILD PEPPER PASTE,12,360GR,21.99,0,UNIT,BOX
V.047750,CIZMECI TIME WAFER MASTER HAZELNUT,24,120GR,32.99,0,PCS,BOX
V.047767,CIZMECI TIME WAFER MASTER CHOCO,24,120GR,32.99,0,PCS,BOX
V.048044,REKOLTE PEPPER PASTE HOT,12,700GR,29.99,0,PCS,BOX
V.048046,REKOLTE PEPPER PASTE HOT,4,4200GR,54.99,0,PCS,BOX
V.048047,REKOLTE PEPPER PASTE SWEET,12,700GR,29.99,0,PCS,BOX
V.048049,REKOLTE PEPPER PASTE SWEET,4,4200GR,54.99,0,PCS,BOX
V.048541,DR OETKER BITTER CHOCOLATE CHIPS,12,70GR,44.99,0,UNIT,BOX
V.048544,ULKER CREAM BISCUIT,24,61GR,5.99,0,UNIT,BOX
V.048593,DR OETKER MILKY CHOCOLATE CHIPS,12,70GR,44.99,0,UNIT,BOX
V.048659,ULKER CIZI CHEESE CRACKER,12,70GRX4,11.99,0,UNIT,BOX
V.048693,ULKER COCO STAR,12,154GR,14.99,20,UNIT,BOX
V.048786,BARILLA PASTA SPAGETTI,16,500GR,17.6,0,UNIT,BOX
V.048787,BARILLA PASTA LINGUINE(YASSI) SPAGETTI,16,500GR,17.6,0,UNIT,BOX
V.048840,ULKER IKRAM CHOCOLATE,12,84GRX3,14.99,0,UNIT,BOX
V.048841,ULKER IKRAM HAZELNUT,12,84GRX3,14.99,0,UNIT,BOX
V.048858,ULKER RONDO STRAWBERRY MP,6,61GRX8,7.9,0,PCS,BOX
V.049157,ETI BROWNI INTENSE COCAO MINI,12,160GR,19.99,20,UNIT,BOX
V.049314,ETI BURCAK SULTANI UZUM&KEPEK,18,123GR,8.99,0,PCS,BOX
V.049758,ETI CRAX,34,40GR,5.99,0,PCS,BOX
V.049803,LAYS SEASONED SUPER SIZE (BAHARATLI) RED,23,100GR,22.99,20,PCS,BOX
V.049816,ETI HOSBES CACAO,20,142GR,16.99,0,PCS,BOX
V.049817,ETI HOSBES HAZELNUT,20,142GR,16.99,0,PCS,BOX
V.049843,SELPAK PAPER TOWEL,8,3S,12.99,20,UNIT,BOX
V.049976,CEREZZA KOKTEYL SUPER BOY,22,120GR,19.99,20,PCS,BOX
V.049996,ETI BROWNI GOLD MINI COCAO,12,180GR,14.99,20,UNIT,BOX
V.060049,ETI HOSBES STRAWBERRY,20,142GR,16.99,0,PCS,BOX
V.060050,ETI HOSBES COCONUT,20,142GR,16.99,0,PCS,BOX
V.063251,ULKER DANKEK DONUT,12,162GR,14.99,0,PCS,BOX
V.064950,KELLOGS OATS,10,400GR,13.99,0,PCS,BOX
V.066062,PEYMAN NUTZZ TACO,16,130G,14.99,20,PCS,BOX
V.068475,ETI SUSAMLI CUBUK KRAKER,17,56GR,5.99,0,PCS,BOX
V.068490,HARIBO CHAMMALLOWS RUBINIO,24,70GR,13,20,UNIT,BOX
V.069143,ASPEROX ULTRA LIMESCALE&RUST REMOVER BLUE POWER,12,1LT,24,20,PCS,BOX
V.069846,BEYPAZARI MINERAL WATER,24,200ML,5.49,0,PACK,BOX
V.074413,ULKER SAKLIKOY CHOCO&MILK CREAM,18,100GR,9.99,0,PCS,BOX
V.077042,DOMESTOS SURFACE CLEANER. PINE,8,1500ML,11.9,20,PCS,BOX
V.077168,ASPEROX ULTRA DEGREASER YELLOW POWER,12,1LT,24,20,PCS,BOX
V.077206,SAKA WATER,6,1.5LT,1.99,20,PCS,BOX
V.077207,SAKA WATER,24,500ML,3.99,20,PCS,BOX
V.077208,ULKER HANIMELLER TUZLU KURABIYE,12,150GR,11.99,0,UNIT,BOX
V.077672,ETI ETIMEK KLASIK,12,143GR,9.99,0,PCS,BOX
V.078296,FAIRY LIQUID DISHWASHING LEMON,6,2.6LT,23.99,20,PCS,BOX
V.078789,ETI CRAX BIG,12,85GR,4.99,0,UNIT,BOX
V.078828,YORUK ANA FRUIT JUICE POMEGRANATE,6,1000ML,11.9,20,UNIT,BOX
V.078829,YORUK ANA FRUIT JUICE CHERRY,6,1000ML,11.9,20,UNIT,BOX
V.079917,STEPY WASHING SPONGE COLOURFUL,24,10S,23.76,20,UNIT,BOX
V.080292,ETI KARAM GURME,18,50GR,12,0,UNIT,BOX
V.080303,FAIRY WASHING UP LIQUID LEMON,9,1.5LT,22.41,20,PCS,BOX
V.080304,FAIRY WASHING UP LIQUID APPLE,9,1.5LT,22.41,20,PCS,BOX
V.080308,HALLEY WHITE CHOCOLATE,12,210GR,18.99,0,UNIT,BOX
V.080377,REKOLTE FLOUR PLAIN,12,1KG,7.8,0,PCS,BOX
V.080379,REKOLTE FLOUR PLAIN,3,5KG,8.55,0,PCS,BOX
V.080643,HEAD&SHOULDERS SHAMPOO WOMAN'S ANTI-DANDRUFF,6,300ML,16,20,PCS,BOX
V.080644,HEAD&SHOULDERS SHAMPOO MEN'S ANTI-DANDRUFF 2+1,6,300ML,15.99,20,PCS,BOX
V.080645,HEAD&SHOULDERS SHAMPOO LEMON REFRESH 2N1,6,300ML,16,20,PCS,BOX
V.080646,HEAD&SHOULDERS SHAMPOO LEMON REFRESH,6,300ML,16,20,PCS,BOX
V.080647,HEAD&SHOULDERS SHAMPOO CLASSIC CARE,6,300ML,15.99,20,PCS,BOX
V.080648,HEAD&SHOULDERS SHAMPOO DEEPLY MOISTURIZING,6,300ML,16,20,PCS,BOX
V.080649,HEAD&SHOULDERS SHAMPOO CLASSIC CARE 2N1,6,300ML,16,20,PCS,BOX
V.080650,HEAD&SHOULDERS SHAMPOO MOISTURIZING CARE,6,300ML,15.99,20,PCS,BOX
V.080651,HEAD&SHOULDERS SHAMPOO MENTHOL REFRESHMENT 2N1,6,300ML,16,20,PCS,BOX
V.080652,HEAD&SHOULDERS SHAMPOO NUTRITIONAL CARE,6,300ML,16,20,PCS,BOX
V.080653,HEAD&SHOULDERS SHAMPOO SILKY SOFTNESS 2N1,6,300ML,15.99,20,PCS,BOX
V.080654,HEAD&SHOULDERS SHAMPOO EXTRA VOLUME,6,300ML,16,20,PCS,BOX
V.080876,DEVA OMUR ECONOMY PLASTIC PLATES,100,25S,149,20,UNIT,BOX
V.081134,FLEXI CRYSTAL PLASTIC FORK,80,10s,56,20,UNIT,BOX
V.081135,FLEXI CRYSTAL PLASTIC SPOON,80,10s,56,20,UNIT,BOX
V.081153,ETI CICIBEBE BISCUIT,1,700GR,2.99,0,UNIT,BOX
V.081164,ETI PETIBOR,6,800GR,10.5,0,UNIT,BOX
V.081287,REKOLTE SLICED MUSHROOM CANNED,6,2650GR,29.99,0,PCS,BOX
V.081298,SOSI GRAPE VINEGAR,12,1000ML,11.99,0,UNIT,BOX
V.081306,SOSI POMEGRANTE DRESSING,12,1LT,24.99,0,UNIT,BOX
V.081318,FAIRY POWER SPRAY DISHWASHER & KITCHEN,10,500ML,21.99,20,PCS,BOX
V.081331,SOSI WHITE VINEGAR,12,1LT,7.99,0,UNIT,BOX
V.081368,LAYS KLASIK PARTY SIZE,17,145GR,19.99,0,PCS,BOX
V.081369,LAYS SEASONED PARTY SIZE,17,160GR,19.99,20,PCS,BOX
V.081370,RUFFLES KETCHUP PARTY SIZE,17,160GR,22.1,0,PCS,BOX
V.081371,RUFFLES ORIGINAL PARTY SIZE,17,145GR,23.8,0,PCS,BOX
V.081372,DORITOS TACO SPICY PARTY SIZE,17,170GR,22.1,0,PCS,BOX
V.081373,DORITOS NACHO CHEESE PARTY SIZE,17,180GR,23.8,0,PCS,BOX
V.081375,LAYS YOG MEVSIM PARTY SIZE,17,145GR,19.99,0,PCS,BOX
V.081400,MCVITIES MILKY CHOCOLATE SANDWICH,18,98GR,10.8,0,PCS,BOX
V.081403,MCVITIES CARAMEL GINGER SANDWICH,18,88GR,10.8,0,PCS,BOX
V.083778,ETI GONG ORIGINAL,16,64GR,9.99,0,PCS,BOX
V.086623,REKOLTE COOKIES TAHINI SWEET,18,270GR,23.99,0,UNIT,BOX
V.086626,REKOLTE COOKIES FRUITY SWEET,18,270GR,23.99,0,UNIT,BOX
V.086631,REKOLTE MUSHROOM COOKIES SWEET,18,270GR,23.99,0,UNIT,BOX
V.086632,REKOLTE COCONUT OYSTER COOKIES SWEET,18,270GR,23.99,0,UNIT,BOX
V.086633,REKOLTE COCONUT YILDIZ ISLAK COOKIES,18,270GR,23.99,0,UNIT,BOX
V.086635,REKOLTE COREK OTU SALTY COOKIES,18,270GR,23.99,0,UNIT,BOX
V.086636,REKOLTE ROUND COOKIES SALTY,18,270GR,23.99,0,UNIT,BOX
V.086669,OMO ACTIVE OXYGEN LIQUID,6,1690ML,32.99,20,UNIT,BOX
V.086722,ETI STICK PISTACHIO,24,17GR,13.2,20,UNIT,BOX
V.086895,GANIK DOUBLE ROASTED HAZELNUT LOKUM,5,750GR,15.99,0,UNIT,BOX
V.086896,GANIK KURU MEYVELI LOKUM,5,750GR,15.99,0,UNIT,BOX
V.086897,GANIK LOKUM SADE,5,750GR,11.49,0,UNIT,BOX
V.087098,CILLIT BANG TURBO DRAIN UNBLOCKER,12,500ML,29.9,20,PCS,BOX
V.087151,DR OETKER WHEAT STRATCH,12,150GR,9.99,0,UNIT,BOX
V.087154,DR OETKER CORN STRATCH,12,1550GR,7.99,0,UNIT,BOX
V.087428,RUFFLES ORIGINAL SUPER SIZE,26,100GR,24.99,0,PCS,BOX
V.087603,HALLEY BANANA,12,7S,18.99,0,UNIT,BOX
V.087814,SLEEPY WIPES EASY CLEAN (GREEN),12,100S,26.4,20,UNIT,BOX
V.087953,ULUDAG WATER PET,12,1LT,4.99,20,UNIT,BOX
V.087954,ULUDAG WATER PET,12,400ML,4.99,20,UNIT,BOX
V.087967,MONSTER ENERGY DRINK,12,500L,11.99,20,UNIT,BOX
V.087968,MONSTER ULTRA CAN,12,500ML,11.99,20,UNIT,BOX
V.087969,MONSTER WATERMELON CAN,12,500ML,11.99,20,UNIT,BOX
V.088290,YORUK ANA FRUIT JUICE PEACH,6,1000ML,11.9,20,UNIT,BOX
V.088396,DIMES CHERRY,12,1LT,14.4,20,PCS,BOX
V.088397,DIMES FRUIT MIX,12,1LT,14.4,20,PCS,BOX
V.088398,DIMES APRICOT,12,1LT,14.4,20,PCS,BOX
V.088420,PERWOLL COLOR 18 LAUNDRY WASHING LIQUID,12,1LT,26.99,20,PCS,BOX
V.088421,PERWOLL BLACK 18 LAUNDRY  WASHING LIQUID,12,1LT,26.99,20,PCS,BOX
V.088455,HEAD&SHOULDERS SHAMPOO ANTI-HAIR LOSS WITH CAFFEINE EFFECT,6,300ML,16,20,PCS,BOX
V.088476,DIMES RED FRUITS,12,1LT,14.4,20,PCS,BOX
V.088478,DIMES PEACH,12,1LT,14.4,20,PCS,BOX
V.088564,DORITOS FLAMIN HOT,23,102GR,22.99,0,PCS,BOX
V.088565,SOSI LEMON SOSU,4,5000ML,10,0,PCS,BOX
V.088690,ETI BENIMO LOKMALIK 3S,9,240GR,16.99,0,PCS,BOX
V.088691,ETI CIN,10,325GR,11.99,0,UNIT,BOX
V.088833,STEPY STRETCH FILM,24,15M,16.8,20,UNIT,BOX
V.088839,STEPY LINT ROLLER (TUY TOPLAYICI),24,50S,23.76,20,UNIT,BOX
V.088865,CEREZZA DEV YER FISTIKLI,14,145GR,14.99,20,PCS,BOX
V.088866,CEREZZA DEV BAHARATLI & DOM. SOSU TAD.,14,145GR,14.99,20,PCS,BOX
V.088900,REFLEX FLEX GLOVES BLACK POWDER FREE (L-XL),20,100S,59.8,20,UNIT,BOX
V.088901,REFLEX FLEX GLOVES BLACK POWDER FREE (M),20,100S,59.99,20,UNIT,BOX
V.089350,HEAD&SHOULDERS SHAMPOO WHITE OLD SPICE,6,300ML,10.9,20,PCS,BOX
V.089351,HEAD&SHOULDERS SHAMPOO PURIFYING AND NORISHING,6,300ML,10.9,20,PCS,BOX
V.089395,FINISH DISHWASHER TABS QUANTUM,6,50''S,41.99,20,PCS,BOX
V.089520,TADIM KAVRULMUS AY CEKIRDEGI,12,180GR,9.99,0,UNIT,BOX
V.089522,TADIM SUNFLOWER SEED SALTY,12,180GR,11.5,0,PCS,BOX
V.089532,TADIM KABAK CEKIRDEGI,12,180GR,25.8,0,PCS,BOX
V.089623,ARIEL WASHING LIQUID COLOUR,3,3.85LT,45,20,UNIT,BOX
V.089624,ARIEL WASHING LIQUID,3,3.85LT,44.9,20,UNIT,BOX
V.090240,SLEEPY WIPES WITH SOAP (YELLOW),12,100S,26.4,20,PCS,BOX
V.090241,SLEEPY WIPES WITH BLEACH (BLUE),12,100S,26.4,20,PCS,BOX
V.090385,CIZMECI MINI GOFRET CHOCOLATE,12,120GR,18.99,0,PCS,BOX
V.090386,CIZMECI MINI GOFRET HAZELNUT,12,120GR,18.99,0,PCS,BOX
V.090632,CEREZZA SINEMA PEYNIR SOGAN SUPER BOY,26,130GR,24.99,20,PCS,BOX
V.090832,STEPY AIRFRY BAKING PAPER,12,12,19.2,20,UNIT,BOX
V.090838,STEPY HOBBY SPONGE SMILEY,12,2S,47.99,20,UNIT,BOX
V.090849,FAIRY PRO.LIQUID DISHWASHING DETERGENT,2,2.5LT,7.99,20,PCS,BOX
V.091043,ULKER DANKEK LOKMALIK COCONUT,12,160GR,9.99,0,PCS,BOX
V.091044,ULKER DANKEK LOKMALIK CARROT & CINNAMON,12,160GR,9.99,0,PCS,BOX
V.091045,ULKER DANKEK LOKMALIK COCAO,10,160GR,9.99,20,PCS,BOX
V.091046,ULKER DANKEK LOKMALIK RAISINS,12,160GR,9.99,0,PCS,BOX
V.091140,MINI GUMBALL MACHINE BARBIE,8,30GRX16,152.32,20,UNIT,BOX
V.091141,MINI GUMBALL MACHINE HOTWHEELS,8,30GRX16,152.32,20,UNIT,BOX
V.091231,DORITOS DIPPAS PARTY SIZE,19,140GR,24.7,0,PCS,BOX
V.091232,LAYS DORITOS RUFFLES 2LI PAKET,12,176GR,15.6,0,PCS,BOX
V.091274,SOLEN BISCOLATA VENI HAZELNUT,24,110GR,16.8,0,PCS,BOX
V.091276,SOLEN BISCOLATA VENI CHOCOLATE,24,110GR,16.8,0,PCS,BOX
V.091277,BISCOLATA STIX COCONUT,12,36GR,11.99,0,PACK,BOX
V.091310,KNORR SINITZEL PANE HARCI,4,12X90GR,49.99,0,UNIT,BOX
V.091311,KNORR CITIR PANE HARCI,4,12X90GR,49.99,0,UNIT,BOX
V.091577,PEYMAN NUTZZ POPZZ SUT MISIR,21,100GR,13.99,20,PCS,BOX
V.091578,PEYMAN NUTZZ POPZZ PEYNIR,21,100GR,13.99,20,PCS,BOX
V.091579,PEYMAN NUTZZ POPZZ FISTIK EZMELI,21,90GR,13.99,20,PCS,BOX
V.091580,PEYMAN NUTZZ POPZZ SOGAN KREMALI,21,90GR,13.99,20,PCS,BOX
V.091581,PEYMAN NUTZZ POPZZ ACI BAHARAT AROMALI,21,100GR,13.99,20,PCS,BOX
V.091583,PEYMAN NUTZZ POPCORN ACI BIBER & DOMATES,20,85G,13.99,20,PCS,BOX
V.091584,PEYMAN NUTZZ POPCORN YER FISTIKLI & BADEMLI,20,85G,13.99,20,PCS,BOX
V.091585,PEYMAN NUTZZ POPCORN CLASSIC,19,105G,13.99,20,PCS,BOX
V.091586,PEYMAN NUTZZ POPCORN TUZLU KARAMELLI,20,90G,13.99,20,PCS,BOX
V.091613,SLEEPY MOP TOWEL GREEN,6,50S,24.99,20,PCS,BOX
V.091614,SLEEPY MOP TOWEL YELLOW,6,50S,24.99,20,UNIT,BOX
V.091615,SLEEPY MOP TOWEL BLUE,6,50S,24.99,20,UNIT,BOX
V.091623,DOMESTOS BLEACH WHITE SOAP,20,750ML,23.9,20,PCS,BOX
V.091631,ETI BURCAK KURABI CACAO,12,150GR,9.99,0,PCS,BOX
V.091744,OLEA LOW SALT BLACK OLIVES PET,6,1KG,34.99,0,UNIT,BOX
V.092309,FOOD CONTAINER LEAK PROOF 500ML,10,500ML,5.99,20,UNIT,BOX
V.092310,FOOD CONTAINER LEAK PROOF 250ML,10,250ML,4.99,20,UNIT,BOX
V.092581,BEYPAZARI WATERMELON STRAWBERRY MINERAL WATER,24,200ML,6.49,20,PACK,BOX
V.092583,BEYPAZARI MINERAL WATER KARADUT FRENK UZUMU,24,200ML,6.49,0,PACK,BOX
V.092757,KINDER JOY T1 NATOONS,48,20G,34.99,0,UNIT,BOX
V.092931,ZUBER LOKMA PISTACHIO,12,96GR,19.2,0,PCS,BOX
V.092932,ZUBER LOKMA HAZELNUT,12,96GR,16.8,0,PCS,BOX
V.092933,ZUBER LOKMA COCONUT,12,96GR,16.8,0,PCS,BOX
V.093007,ETI HOSBES BANANA,20,120GR,17,0,PCS,BOX
V.093034,ZUBER PROTEIN BAR CHOCOLATE,12,45GR,21,0,PACK,BOX
V.093035,ZUBER PROTEIN BAR WITH HAZELNUT,12,45GR,21,0,PACK,BOX
V.093036,ZUBER PROTEIN BAR VEGAN,12,45GR,14.04,0,PACK,BOX
V.093517,KOSKA TAHIN,6,620GR,32.99,0,UNIT,BOX
V.093606,ONCU TOMATOE PASTE TIN,4,4350GR,30,0,UNIT,BOX
V.095461,DIMES ORANGE JUICE,12,1LT,14.4,20,UNIT,BOX
V.096173,OBA PASTA MANTI,20,500GR,9.99,0,UNIT,BOX
V.096263,KOSKA PLAIN HELVA,12,400GR,32.99,0,UNIT,BOX
V.096369,TADELLE CIKOLATALI GOGRET,24,5X35GR,49.99,0,UNIT,BOX
V.096453,SOSI LEMON DRESSING,12,1LT,22.99,0,UNIT,BOX
V.096853,SLEEPY WIPES EASY CLEAN (LILIUM),12,100S,26.4,20,UNIT,BOX
V.096854,SLEEPY WIPES EASY CLEAN (ORCHID),12,100S,26.4,20,UNIT,BOX
V.096855,SLEEPY WIPES EASY CLEAN (CHERRY),12,100S,26.4,20,UNIT,BOX
V.096856,SLEEPY WIPES OIL LIMESCALE REMOVER,12,30S,27.99,20,UNIT,BOX
V.096857,SLEEPY WIPES OIL REMOVER,12,30S,27.99,20,UNIT,BOX
V.097030,SERIZE ACUKA SOS TATLI,12,300GR,24.99,0,UNIT,BOX
V.097031,SERIZE ACUKA SOS ACI,12,300GR,24.99,0,UNIT,BOX
V.097032,SERIZE AJVAR SOS TATLI,12,300GR,24.99,0,UNIT,BOX
V.097033,SERIZE AJVAR SOS ACI,12,300GR,24.99,0,UNIT,BOX
V.097201,HEINZ RANCH SOS,12,225GR,24.99,0,UNIT,BOX
V.098226,ULKER ALBENI ATISTIRMALIK,24,72GR,18.99,0,UNIT,BOX
V.098239,ULKER BEBE BISKUVISI,4,800GR,11.99,0,UNIT,BOX
V.098251,ULKER LAVIVA BITTER CIKOLATA,6,24X35GR,74.95,20,UNIT,BOX
V.098334,FALIM CARBONATE CHEWING GUM,18,5SX20,79.99,20,PACK,BOX
V.098336,FALIM DAMLA CHEWING GUM,18,5SX20,79.99,20,PACK,BOX
V.098338,FALIM MINT CHEWING GUM,18,5SX20,79.99,20,PACK,BOX
V.098606,ADATEPE BISCUIT LOKUM,12,250GR,14.99,0,UNIT,BOX
V.098817,DIMES SLIM MIX FRUIT JUICE,27,200ML,7.99,20,UNIT,BOX
V.098818,DIMES SLIM MIX FRUIT APRICOT,27,200ML,7.99,20,UNIT,BOX
V.098819,DIMES SLIM FRUIT JUICE PEACH,27,200ML,7.99,20,UNIT,BOX
V.098820,DIMES SLIM MIX FRUIT CHERRY,27,200ML,7.99,20,UNIT,BOX
YRZ.083085,BOBBO ICE CREAM TWISTY,8,12S,107.88,20,UNIT,BOX
YRZ.083768,BOBBO DANCER CANDY,8,16S,95.92,20,UNIT,BOX
YRZ.084584,MOKIBON JELLY FRUIT BURGER,12,35GRX24,143.88,20,UNIT,BOX
