Category,Name,Code,Pallet Price,CNT Price,Case Size,PLY,Perf Length (mm),Roll Width (mm),Number of Sheets,Roll Diameter (mm),GSM,Roll Weight (g),Core Weight (g),Color,Fragrance,Pallet Count
Bathroom Tissues,PANDA CUDDLE TT 2 PLY 4x10 Classic,TT-1009,6.00,6.60,4x10,2,110,100,150,110,14.5/ 15,48,6.5,WHITE,NO,55
Bathroom Tissues,PANDA CUDDLE TT 2 PLY 4x10 Aloe Vera,TT-1008,6.00,6.60,4x10,2,110,100,150,110,14.5/ 15,48,6.5,WHITE,YES,55
Bathroom Tissues,PANDA CUDDLE TT 2 PLY 18X2 Classic,TT-1007,4.75,5.23,18x2,2,110,100,150,110,14.5/ 15,71,6.5,WHITE,NO,56
Bathroom Tissues,PANDA CUDDLE TT 3 PLY 4x10 Classic,TT-1011,6.76,7.44,4x10,3,110,103,148,115,14.5/ 15,71,6.5,WHITE,NO,55
Bathroom Tissues,PANDA CUDDLE TT 3 PLY 9x5 Classic,TT-1038,6.75,7.43,9x5,3,110,103,148,115,14.5/ 15,73,6.5,WHITE,NO,56
Bathroom Tissues,PANDA CUDDLE TT 3 PLY 9x5 Aloe Vera,TT-1039,6.75,7.43,9x5,3,110,103,148,115,14.5/ 15,73,6.5,WHITE,YES,56
Bathroom Tissues,PANDA CUDDLE TT 3 PLY 9x5 Lemon,TT-1037,6.75,7.43,9x5,3,110,103,148,115,14.5/ 15,73,6.5,WHITE,YES,56
Bathroom Tissues,SOFTESSE ULTRA 3 PLY 9X5 Classic,TOI-8011A,6.50,7.15,9x5,3,110,103,148,115,14.5/ 15,73,6.5,WHITE,NO,56
Kitchen Towels,PANDA GLORY SUPER SOAKER KT 4X6,KIT-806,4.00,4.40,4x6,2,200,205,50,105,17/ 17.5,67,13.2,WHITE,NO,55
Kitchen Towels,PANDA GLORY MEGA KT 1X6,KT-2009,4.00,4.40,1x6,2,200,220,150,155,17/ 17.5,223,14.2,WHITE,NO,80
Kitchen Towels,PANDA GIANT KITCHEN TOWEL 18PK 3PLY,KIT-811,8.75,9.63,1x18,3,,,,,,,,WHITE,NO,50
Bathroom Tissues,EVO 3PLY 120 PACK 3X40,23011,16.00,17.60,3X40,3,,,,,,,,WHITE,NO,
Bathroom Tissues,EVO 3 PLY 32 PACK,23012,13.50,14.85,3X32,3,,,,,,,,WHITE,NO,
Bathroom Tissues,STEP GREEN RECYCLED 120 ROLLS 3X40,23010,15.50,17.05,3X40,2,,,,,,,,WHITE,NO,
Kitchen Towels,EVO 3 PLY 6 ROLLS,23000,6.00,6.60,,2,,,,,,,,WHITE,NO,
Kitchen Towels,EVO 3 PLY 12 ROLLS,23001,10.00,11.00,,3,,,,,,,,WHITE,NO,
Kitchen Towels,STEP SMALL MOTION TOWEL,23100,10.80,11.88,,,,,,,,,,WHITE,NO,
Kitchen Towels,ONLY - MINI JUMBO WHITE TOILET PAPER 4.5KG,23101,9.50,10.45,,,,,,,,,,WHITE,NO,
Kitchen Towels,LONG SMALL MOTION TOWEL 4KG,23102,8.50,9.35,,,,,,,,,,WHITE,NO,
Kitchen Towels,ONLY CENTREFEED TOWEL 1PLY 250MT,23103,9.50,10.45,,,,,,,,,,WHITE,NO,
Serviettes,AQUA - SERVIETTE BLUE 200 SHEETS 30X30,23061,6.90,7.59,9X200,,,,,,,,,BLUE,NO,
Serviettes,AQUA - SERVIETTE WHITE 200 SHEETS 30X30,23051,6.90,7.59,9X200,,,,,,,,,WHITE,NO,
Serviettes,ONLY - KOALA FACIAL TISSUE 250 SHEETS,23050,18.50,20.35,,,,,,,,,,WHITE,NO,
Serviettes,ONLY SERVIETTE 33X33 WAITER FOLD NAPKIN,23203,11.30,12.43,,,,,,,,,,WHITE,NO,
Serviettes,DROP - Z FOLD DISPENSER TOWEL,23201,9.25,10.18,,,,,,,,,,WHITE,NO,
Serviettes,ONLY PLUS - Z FOLD DISPENSER TOWEL,23200,10.80,11.88,,,,,,,,,,WHITE,NO,
Serviettes,ONLY STANDARD 250 ROLL DISPENSER NAPKIN,23202,9.10,10.01,,,,,,,,,,WHITE,NO,
Industrial Towels,HYGIENE - ECO CENTREFEED TOWEL ROLL - BLUE 40M,AFH-4009,3.20,3.52,6,2,175,178,229,175,17/17.5,242,13.5,BLUE,NO,91
Industrial Towels,HYGIENE - ECO CENTREFEED TOWEL ROLL - BLUE 50M,AFH-4003,3.50,3.85,6,2,175,178,263,175,17/17.5,278,13.5,BLUE,NO,91
Industrial Towels,HYGIENE - PREMIUM CENTREFEED TOWEL ROLL- BLUE 120M,AFH-4002,7.00,7.70,6,2,175,178,571,175,17/17.5,605,13.5,BLUE,NO,84
Industrial Towels,HYGIENE - ECO CENTREFEED TOWEL ROLL - WHITE 40MT,AFH-4031,3.40,3.74,6,2,175,178,263,175,17/17.5,278,13.5,R.WHITE,NO,91
Industrial Towels,HYGIENE - ECO CENTREFEED TOWEL ROLL - WHITE - 50M,AFH-4005,3.75,4.13,6,2,175,178,263,175,17/17.5,278,13.5,WHITE,NO,91
Industrial Towels,HYGIENE - PREMIUM CENTREFEED TOWEL ROLL -WHITE 120M,AFH-4011,7.75,8.53,6,2,175,178,571,175,17/17.5,605,13.5,WHITE,NO,84
Industrial Towels,MODERN ECO SERVIETTE 28x28cm,SERV.3002,12.50,13.75,10,1,,,5000,,16/16.5,586,,WHITE,NO,42
Serviette,MODERN ECO PLAIN SERVIETTE 10PK 28x28cm,SERV.3005,12.50,13.75,10,1,,,5000,,,,,WHITE,NO,42
Serviette,MODERN LUXURY SERVIETTE 40x40cm 1/8 FOLD (8 Pack x 125pcs),SERV.3004,18.50,20.35,,1,,,2000,,,,,WHITE,NO,30
Serviette,MODERN LUXURY SERVIETTE 40x40cm 1/4 FOLD (8 Pack x 125pcs),SERV.3003,18.50,20.35,,1,,,2000,,,,,WHITE,NO,30
Serviette, 23MU SHRINK WRAP 6X1 400MM - PALLET WRAP CLEAR,,17.40,19.14,6,,,,,,,,,,,60
Serviette, 23MU SHRINK WRAP 6X1 400MM - PALLET WRAP BLACK,,18.00,19.80,6,,,,,,,,,,,60
Serviette,15MU MINI HAND ROLL - CLEAR,,18.00,19.80,40,,,,,,,,,,,60
Serviette,17MU MINI HAND ROLL - CLEAR,,19.20,21.12,40,,,,,,,,,,,60
Serviette,MACHINE WRAP 23MU - 16KG CLEAR,,21.50,23.65,46,,,,,,,736 KG 1 PALLET,,,16KG EACH,
Serviette,CLEAR TAPE 48mmX66mm 1X6,,2.20,2.42,6,,,,,,,,,,,
Multi Surface Wet Wipes,SLEEPY-Wet Wipes CLASSIC Easy Clean-Multi Surface Cleaning 6x100,22694,11.00,12.10,6,,,,,,,,,,WHITE SOAP,120
Multi Surface Wet Wipes,SLEEPY-Wet Wipes Easy Clean BLEACH -Multi Surface Cleaning 6x100,22695,11.00,12.10,6,,,,,,,,,,BLEACH,120
Multi Surface Wet Wipes,SLEEPY-Wet Wipes Easy Clean HERBAL SOAP-Multi Surface Cleaning 6x100,22696,11.00,12.10,6,,,,,,,,,,HERBAL SOAP,120
Multi Surface Wet Wipes,SLEEPY-MOP Easy Clean CLASSIC Adaptable Floor Cleaning Towels 50pcs x 4 Pack,22704,9.00,9.90,4,,,,,,,,,,WHITE SOAP,108
Multi Surface Wet Wipes,SLEEPY-MOP Easy Clean BLEACH Adaptable Floor Cleaning Towels 50pcs x 4 Pack,22703,9.00,9.90,4,,,,,,,,,,BLEACH,108
Multi Surface Wet Wipes,SLEEPY-MOP Easy Clean HERBAL SOAP Adaptable Floor Cleaning Towels 50pcs x 4 Pack,22705,9.00,9.90,4,,,,,,,,,,HERBAL SOAP,108
Multi Surface Wet Wipes,Deep Fresh Surface Cleaning Wipes 100pcs 1x12,22359,18.40,20.24,12,,,,,,,,,,WHITE SOAP,45
Multi Surface Wet Wipes,Deep Fresh Wet Wipes - BIODEGRADABLE Multi Surface Cleaning 12x100 (45),22837,23.50,25.85,12,,,,,,,,,,WHITE SOAP,45
Multi Surface Wet Wipes,Deep Fresh Surface Cleaning Wipes LEMON 100pcs 1x12,22836,18.40,20.24,12,,,,,,,,,,LEMON,45
Multi Surface Wet Wipes,Deep Fresh MOP Wipes - Floor Cleaning Towel 6x50 ,22819,11.50,12.65,6,,,,,,,,,,WHITE SOAP,
Carrier Bags,MD BLUE CARRIER BAG (NEWYORK) 11X17X21 *15mu,A10683,9.00,9.90,,,,,,,,,,BLUE,NO,160
Carrier Bags,WHITE VEST CARRY BAGS (ISLAMABAD) 11x17x21 *14mu,A11136,9.00,9.90,,,,,,,,,,BLUE,NO,160
Carrier Bags,MD (TOKYO) BLUE BAGS 860pc 11x17x21 *13mu,12332,9.00,9.90,,,,,,,,,,BLUE,NO,160
Carrier Bags,(PARIS) BLUE CARRIER BAGS 2000 11x17x21 *12mu,12083,13.00,14.30,,,,,,,,,,BLUE,NO,96
Carrier Bags,(PARIS) WHITE CARRY BAGS 2000 11x17x21 *12mu,A10847,13.00,14.30,,,,,,,,,,WHITE,NO,96
Carrier Bags,MD JUMBO BLUE (BARCELONA) 12x18x24 *18mu,19321,14.00,15.40,,,,,,,,,,BLUE,NO,90
Carrier Bags,MD JUMBO WHITE (BARCELONA) 12x18x24 *18mu,A11728,14.00,15.40,,,,,,,,,,WHITE,NO,90
Carrier Bags,(ANKARA) BLUE CARRIER BAGS 2000 36x4 3cm *12mu,A10027,10.50,11.55,,,,,,,,,,BLUE,NO,120
Carrier Bags,(ANKARA) WHITE CARRIER BAGS 2000 36x4 3cm *12mu,A10028,10.50,11.55,,,,,,,,,,WHITE,NO,120
Carrier Bags,MD SP PRINTED WHITE MEDIUM CARRIER BAGS (SMILEY),12039,9.50,10.45,,,,,,,,,,WHITE,NO,160
Carrier Bags,MD SP PRINTED WHITE JUMBO CARRIER BAGS (SMILEY),12040,13.00,14.30,,,,,,,,,,WHITE,NO,90
Carrier Bags,VEGETABLE ROLL 20 ROLL-MD BAG ON ROLL 10mu,A11111,16.50,18.15,,,,,,,,,,CLEAR,NO,60
Carrier Bags,BLACK BOTTLE BAG 2000 - 8X13X19(100),A10057,11.50,12.65,,,,,,,,,,BLACK,NO,100
Carrier Bags,WHITE BOTTLE BAGS 2000 - 8X13X19(100),A11130,11.50,12.65,,,,,,,,,,WHITE,NO,100
Bin Bags,10 ROLL BIN BAG 20*10,A10001,6.00,6.60,,,,,,,,,,BLACK,NO,135
Bin Bags,MD10 ROLL BIN BAG 74x98cm 1x20,22371,13.00,14.30,,,,,,,,,,BLACK,NO,260
Bin Bags,MD20 ROLL BIN BAG 20*20(135),21543,11.00,12.10,,,,,,,,,,BLACK,NO,135
Bin Bags,MD50 ROLL BIN BAG 10*50 (108),22215,12.50,13.75,,,,,,,,,,BLACK,NO,108
Bin Bags,GREEN GARDEN BAG 20*10 ROLL,A10438,11.50,12.65,,,,,,,,,,GREEN,NO,135
Bin Bags,HEAVY DUTY LOOSE BIN BAG - 150pcs,12257,9.50,10.45,,,,,,,,,,BLACK,NO,150
Bin Bags,HEAVY DUTY BLACK SACKS (COMPACTOR) 100pcs,11516,9.50,10.45,,,,,,,,,,BLACK,NO,135
Meat Roll,ILKA MEAT ROLL 11x45x1250m,21765,22.50,24.75,,,,,,,,,,CLEAR,NO,168
Wrapping Pappers,BREAD WRAPPING PAPER (OFF CUT) 18X20,12194,7.50,8.25,,,,,,,,,,GRAY,NO,125
Wrapping Pappers,BREAD WRAPPING PAPER (OFF CUT) LARGE 20x24,H10100,7.50,8.25,,,,,,,,,,GRAY,NO,124
Wrapping Pappers,SOS MEDIUM INTERNAL CRAFT BROWN HANDLE BAGS,12285,10.50,11.55,,,,,,,,,,,,
Wrapping Pappers,SOS LARGE BROWN PAPER BAGS 25+14x30cm EP-90032,12281,11.50,12.65,,,,,,,,,,,,
Wrapping Pappers,SOS LARGE BROWN PAPER BAG 28x17x29cm 70gr-250pc(64),22339,11.50,12.65,250pcs,,,,,,,,,,,64
Wrapping Pappers,SOS XL BROWN PAPER BAG 32x22x26cm 70gr-150pc,22338,11.50,12.65,150pcs,,,,,,,,,,,
Food Containers,RO24 CIRCLE BLACK CONTAINER WITH LID 1x150,21739,16.50,18.15,150,,,,,,,,,BLACK,NO,40
Food Containers,RE28 RECT BLACK CONTAINER WITH LID 1x150,21740,21.50,23.65,150,,,,,,,,,BLACK,NO,40
Food Containers,RO32 CIRCLE BLACK CONTAINER WITH LID 1x150,21741,18.50,20.35,150,,,,,,,,,BLACK,NO,40
Food Containers,RE38 RECT BLACK CONTAINER WITH LID 1x150,21742,21.50,23.65,150,,,,,,,,,BLACK,NO,40
Food Containers,RE58 RECT BLACK CONTAINER WITH LID 1x150,21743,38.00,41.80,150,,,,,,,,,BLACK,NO,40
Food Containers,RE232 BLACK CONTAINER WITH LID 1x150,21788,22.00,24.20,150,,,,,,,,,BLACK,NO,40
Food Containers,RE342 BLACK CONTAINER WITH LID 1x150,21789,30.00,33.00,150,,,,,,,,,BLACK,NO,40
Food Containers,CHEF ROYALE 500ML CONTAINER WITH LID 250 PACK,22176,18.00,19.80,250,,,,,,,,,CLEAR,NO,40
Food Containers,CHEF ROYALE 650ML CONTAINER WITH LID 250 PACK,22177,18.00,19.80,250,,,,,,,,,CLEAR,NO,40
Food Containers,CHEF ROYALE 750ML CONTAINER WITH LID 250 PACK,22178,20.00,22.00,250,,,,,,,,,CLEAR,NO,40
Food Containers,CHEF ROYALE 1000ML CONTAINER WITH LID 250 PACK,22179,22.00,24.20,250,,,,,,,,,CLEAR,NO,40
Food Containers,DELIPOTS 1oz HINGE PLASTIC SAUCE POTS 1X1000,21309,7.00,7.70,1000,,,,,,,,,CLEAR,NO,
Food Containers,DELIPOTS 2oz HINGE PLASTIC SAUCE POTS 1X1000,21310,12.00,13.20,1000,,,,,,,,,CLEAR,NO,
Food Containers,DELIPOTS 4oz HINGE PLASTIC SAUCE POTS 1X1000,21311,20.00,22.00,1000,,,,,,,,,CLEAR,NO,
Food Containers,MAJESTIC 500ML CONTAINER WITH LID 250 PACK,19106,16.50,18.15,250,,,,,,,,,CLEAR,NO,
Food Containers,MAJESTIC 650ML CONTAINER WITH LID 250 PACK,19107,17.50,19.25,250,,,,,,,,,CLEAR,NO,
Food Containers,MAJESTIC 750ML CONTAINER WITH LID 250 PACK,19108,18.50,20.35,250,,,,,,,,,CLEAR,NO,
Food Containers,MAJESTIC 1000ML CONTAINER WITH LID 250 PACK,19109,19.50,21.45,250,,,,,,,,,CLEAR,NO,
Bagesse,HP 6 HAMBURGER BAGASSE 500PCS,22485,23.00,25.30,500,,,,,,,,,,,42
Bagesse,1000ML CLAMSHELL - HP 10 BAGASSE 1000ML 250PCS,22484,16.00,17.60,250,,,,,,,,,,,54
Bagesse,800ML CLAMSHELL - HP 9 BAGASSE 800ML 250PCS,22483,15.50,17.05,250,,,,,,,,,,,60
Bagesse,3 COMS CLAMSHELL BOX 150PCS,22486,16.00,17.60,150,,,,,,,,,,,72
Bagesse,2 COMS CLAMSHELL BOX 250PCS,22487,26.00,28.60,250,,,,,,,,,,,
Bagesse,350 ML / 12 OZ BOWL BAGESSE 1000PCS,22488,30.00,33.00,1000,,,,,,,,,,,42
Bagesse,500 ML / 17 OZ BOWL BAGESSE 750PCS,22489,25.00,27.50,750,,,,,,,,,,,
Bagesse,"7"" PLATE BAGESSE 500PCS",22490,13.00,14.30,500,,,,,,,,,,,69
Bagesse,"9"" PLATE BAGESSE 500PCS",22491,19.50,21.45,500,,,,,,,,,,,56
Bagesse,"10"" PLATE BAGESSE 500PCS",22492,26.00,28.60,500,,,,,,,,,,,
Bagesse,28X48 6 ATHLETE BAG 10X100PCS,22493,5.00,5.50,1000,,,,,,,,,,,192
Bagesse,30X55 ATHLETE BAG 10X100PCS,22494,15.50,17.05,1000,,,,,,,,,,,101
Bagesse,22X45 TSHIRT10X100PCS,22495,12.00,13.20,1000,,,,,,,,,,,110
Mevlana,MEVLANA GORAN-TEE 10 X 1KG (40),21008,80.00,88.00,,,,,,,,,,,,40
Mevlana,MEVLANA GORAN-TEE 20 X 500G (40),21009,80.00,88.00,,,,,,,,,,,,40
Mevlana,MEVLANA TEA BAGS X24,21145,35.00,38.50,,,,,,,,,,,,
Mevlana,MEVLANA GREEN TEA BAGS X24,22159,35.00,38.50,,,,,,,,,,,,
Mevlana,LAVAZZA ROSSA 250 GR GROUND COFFEE 20 X 250 GR,12571,52.00,57.20,,,,,,,,,,,,
Deep Fresh,Deep Fresh Surface Cleaning Wipes 100pcs 1x12,90010,17.80,19.58,12pcs,,,,,,,,,,WHITE SOAP,45
Deep Fresh,Deep Fresh Surface Cleaning Wipes 50pcs 1x24,90011,20.00,22.00,24pcs,,,,,,,,,,WHITE SOAP,35
Deep Fresh,Deep Fresh Extra Soft Baby Wet Wipes 72pcs FlipTop 1x24(60) BLUE / PINK / GREEN,90001,11.00,12.10,24pcs,,,,,,,,,,NO,60
Deep Fresh,Deep Fresh Wet Wipes - Lovely Baby - PANDA 24x72pcs,22772,12.00,13.20,24pcs,,,,,,,,,,,
Deep Fresh,Deep Fresh Wet Wipes - Lovely Baby - LEON 24x72pcs,90002,12.00,13.20,24pcs,,,,,,,,,,NO,60
Deep Fresh,Deep Fresh Wet Wipes - Lovely Baby - LITTLE LAMB 24x72pcs,90003,12.00,13.20,24pcs,,,,,,,,,,NO,60
Deep Fresh,Deep Fresh Wet Wipes - Lovely Baby - GIRAFFE 24x72pcs,90004,12.00,13.20,24pcs,,,,,,,,,,NO,60
Deep Fresh,Deep Fresh Oud Wet Wipes 100pcs w/ FlipTop 1x24,90021,15.00,16.50,24pcs,,,,,,,,,,OUD,
Deep Fresh,Deep Fresh Amber Wet Wipes 100pcs w/ FlipTop 1x24,90020,15.00,16.50,24pcs,,,,,,,,,,AMBER,
Deep Fresh,Deep Fresh Green Nature Wet Wipes Avocado 120pcs w/ FlipTop 1x24,90030,18.00,19.80,24pcs,,,,,,,,,,AVOCADO,
Deep Fresh,Deep Fresh Green Nature Wet Wipes Olive Oil 120pcs w/ FlipTop 1x24,90032,18.00,19.80,24pcs,,,,,,,,,,OLIVE OIL,
Deep Fresh,Deep Fresh Green Nature Wet Wipes Green Tea 120pcs w/ FlipTop 1x24,90031,18.00,19.80,24pcs,,,,,,,,,,GREEN TEA,
Deep Fresh,Deep Fresh Biodegradable Probiotics Wet Wipes 40pcs w/ Label 1x18,90040,14.00,15.40,18pcs,,,,,,,,,,NO,
Deep Fresh,Deep Fresh PET Wet Wipes 30pcs w/ Label 1x24,90070,16.00,17.60,24pcs,,,,,,,,,,NO,
Deep Fresh,Deep Fresh Deo Wipes Fresh Lady 20pcs 1x20,90050,7.85,8.64,20pcs,,,,,,,,,,NO,
Deep Fresh,Deep Fresh Deo Wipes Sport Men 20pcs 1x20,90051,7.85,8.64,20pcs,,,,,,,,,,NO,
Deep Fresh,Deep Fresh Make-up Removal Cucumber Wipes 25pcs 1x12 SINGLE BOX,90093,4.80,5.28,12pcs,,,,,,,,,,NO,
Deep Fresh,Deep Fresh Collagen Extract Make-Up Removal 25pcs 1x48 BOX,90091,22.00,24.20,48pcs,,,,,,,,,,NO,
Deep Fresh,Deep Fresh Genital Hygenic Aloevera Intimate Wipes 23pcs 1x12,90092,5.20,5.72,12pcs,,,,,,,,,,NO,
Deep Fresh,Deep Fresh Collagen Extract Make-Up Removal 25pcs 1x12 SINGLE BOX,90090,5.20,5.72,12pcs,,,,,,,,,,NO,
Deep Fresh,Deep Fresh Dark Rose Wet Wipes 100pcs w/ FlipTop 1x24,90034,15.50,17.05,24pcs,,,,,,,,,,NO,
Deep Fresh,Deep Fresh Adult Wet Towel Wipes 48pcs w/FlipTop 1x24,90094,22.00,24.20,24pcs,,,,,,,,,,NO,
Deep Fresh,UltraFresh Kitchen Cleaning Wet Wipes 20pcs 1x24,21729,11.50,12.65,24pcs,,,,,,,,,,NO,
Deep Fresh,UltraFresh Bathroom Cleaning Wet Wipes 20pcs 1x24,21730,11.50,12.65,24pcs,,,,,,,,,,NO,
Deep Fresh,UltraFresh Car Cleaning Wet Wipes 20pcs 1x24,21731,13.39,,24pcs,,,,,,,,,,NO,
Deep Fresh,UltraFresh Canister Wipes 80pcs-Bathroom 1x12,21732,14.65,,12pcs,,,,,,,,,,NO,
Deep Fresh,UltraFresh Canister Wipes 80pcs-Kitchen 1x12,21733,14.65,,12pcs,,,,,,,,,,NO,
Deep Fresh,Deep Fresh Foam Hand Soap Amethyst 12x400ml,21688,12.00,,12pcs,,,,,,,,,,NO,
Deep Fresh,Deep Fresh Foam Hand Soap Blue Topaz 12x400ml,21689,12.00,,12pcs,,,,,,,,,,NO,
Deep Fresh,Deep Fresh Foam Hand Soap Emerald 12x400ml,21690,12.00,,12pcs,,,,,,,,,,NO,
Deep Fresh,Deep Fresh Foam Hand Soap Ruby 12x400ml,21691,12.00,,12pcs,,,,,,,,,,NO,
Deep Fresh,Deep Fresh Fruity Foam Soap Green Apple 12x400ml,21692,12.00,,12pcs,,,,,,,,,,NO,
Deep Fresh,Deep Fresh Fruity Foam Soap Tangerine 12x400ml,21693,12.00,,12pcs,,,,,,,,,,NO,
Deep Fresh,Deep Fresh Fruity Foam Soap Pomegranade 12x400ml,21694,12.00,,12pcs,,,,,,,,,,NO,
Deep Fresh,Deep Fresh Romance Liquid Soap - Blue Orchid 12x500ml,21695,7.50,,12pcs,,,,,,,,,,NO,
Deep Fresh,Deep Fresh Romance Liquid Soap - Pink Rose 12x500ml,21696,7.50,,12pcs,,,,,,,,,,NO,
Deep Fresh,Deep Fresh Romance Liquid Soap - White Lily 12x500ml,21697,7.50,,12pcs,,,,,,,,,,NO,
Deep Fresh,Savon DeLuxe Classic Liquid Hand Wash-Golden Dust 1x12,21723,20.00,,12pcs,,,,,,,,,,NO,
Deep Fresh,Savon DeLuxe Classic Liquid Hand Wash-Star Dust 1x12,21724,20.00,,12pcs,,,,,,,,,,NO,
Deep Fresh,Savon DeRoyal Pearl Series Luxury Hand Soap - Black Pearl 12x500ml,21878,20.00,,12pcs,,,,,,,,,,NO,
Deep Fresh,Savon DeRoyal Pearl Series Luxury Hand Soap - White Pearl 12x500ml,21879,20.00,,12pcs,,,,,,,,,,NO,
Deep Fresh,Savon DeRoyal Pearl Series Luxury Hand Soap - Edens Pearl 12x500ml,21880,20.00,,12pcs,,,,,,,,,,NO,
Deep Fresh,Savon DeRoyal Pearl Series Luxury Hand Soap - Baroque Pearl 12x500ml,21881,20.00,,12pcs,,,,,,,,,,NO,
Deep Fresh,Savon DeRoyal PUR Savon Luxury Hand Soap - Black 12x500ml,21882,21.00,,12pcs,,,,,,,,,,NO,
Deep Fresh,Savon DeRoyal PUR Savon Luxury Hand Soap - White 12x500ml,21883,21.00,,12pcs,,,,,,,,,,NO,
Deep Fresh,Savon DeRoyal PUR Savon Luxury Hand Soap - Green 12x500ml,21884,21.00,,12pcs,,,,,,,,,,NO,
Deep Fresh,Deep Fresh Oriental Amber Shower Gel 12x400ml,21699,11.00,,12pcs,,,,,,,,,,NO,
Deep Fresh,Deep Fresh Oriental Oud Shower Gel 12x400ml,21700,11.00,,12pcs,,,,,,,,,,NO,
Deep Fresh,Deep Fresh Goat Milk Shower Gel 12x1000ml,21876,20.00,,12pcs,,,,,,,,,,NO,
Deep Fresh,Deep Fresh Avocado Shower Gel 12x1000ml,21877,20.00,,12pcs,,,,,,,,,,NO,
Deep Fresh,Deep Fresh Spa Shower Gel 12x1000ml,21886,20.00,,12pcs,,,,,,,,,,NO,
Deep Fresh,Deep Fresh Shower Gel - Shea Butter 12x1000ml,22686,20.00,,12pcs,,,,,,,,,,,
Deep Fresh,Deep Fresh Caramel Shower Gel 12x1000ml,22217,20.00,,12pcs,,,,,,,,,,NO,
Deep Fresh,Deep Fresh Coconut Shower Gel 12x1000ml,22218,20.00,,12pcs,,,,,,,,,,NO,
Deep Fresh,Deep Fresh Extracted Shower Gel Feel Power 12x400ml,22219,9.50,,12pcs,,,,,,,,,,NO,
Deep Fresh,Deep Fresh Extracted Shower Gel Floral Touch 12x400ml,22220,9.50,,12pcs,,,,,,,,,,NO,
Deep Fresh,Deep Fresh Exfoliating Shower Gel Strawberry 12x400ml,22221,20.00,,12pcs,,,,,,,,,,NO,
Deep Fresh,Deep Fresh Exfoliating Shower Gel Kiwi 12x400ml,22222,20.00,,12pcs,,,,,,,,,,NO,
Deep Fresh,Deep Fresh Shower Gel - Menthol 12x500ml,22223,9.50,,12pcs,,,,,,,,,,NO,
Deep Fresh,Deep Fresh Shower Gel - Cool Men 12x500ml,22224,9.50,,12pcs,,,,,,,,,,NO,
Deep Fresh,Deep Fresh Shower Gel - Absolute Relax 12x500ml,22225,9.50,,12pcs,,,,,,,,,,NO,
Deep Fresh,Deep Fresh Shower Gel - Oud & Rose 12x500ml,22226,9.50,,12pcs,,,,,,,,,,NO,
Deep Fresh,Deep Fresh pet Shampoo 12x500ml,21698,19.44,,12pcs,,,,,,,,,,NO,
Deep Fresh,UltraFresh Liquid Window Cleaner 12x500ml,21725,,,12pcs,,,,,,,,,,NO,
Deep Fresh,Deep Fresh Cotton Buds Cylinder 100pcs 1x12,21720,3.39,,12pcs,,,,,,,,,,NO,
Deep Fresh,Deep Fresh Cotton Buds Cylinder 200pcs 1x12,21721,5.71,,12pcs,,,,,,,,,,NO,
Deep Fresh,Deep Fresh Cotton Buds Rectangle 200pcs 1x12,21722,5.71,,12pcs,,,,,,,,,,NO,
Deep Fresh,Deep Fresh Reed Diffuser 100ml -Apple 1x24,22367,33.15,,24pcs,,,,,,,,,,Apple,54
Deep Fresh,Deep Fresh Reed Diffuser 100ml -Caramel 1x24,22363,33.15,,24pcs,,,,,,,,,,Caramel,54
Deep Fresh,Deep Fresh Reed Diffuser 100ml -Peach 1x24,22362,33.15,,24pcs,,,,,,,,,,Peach,54
Deep Fresh,Deep Fresh Reed Diffuser 100ml -Seaweed 1x24,22364,33.15,,24pcs,,,,,,,,,,Seaweed,54
Deep Fresh,Deep Fresh Reed Diffuser 100ml -Spa & Ecalyptus 1x24,22366,33.15,,24pcs,,,,,,,,,,Spa & Ecalyptu,54
Deep Fresh,Deep Fresh Reed Diffuser 100ml -Summer 1x24,22368,33.15,,24pcs,,,,,,,,,,Summer,54
Deep Fresh,Deep Fresh Reed Diffuser 100ml -Vanilla 1x24,22365,33.15,,24pcs,,,,,,,,,,Vanilla,54
Deep Fresh,Deep Fresh Reed Diffuser 100ml -Wildflowers 1x24,22361,33.15,,24pcs,,,,,,,,,,Wildflowers,54
Deep Fresh,SavonDeRoyal Miracle Shampoo-Smooth Perfect KERATIN 12x500ml,22543,22.77,,12pcs,,,,,,,,,,NO,
Deep Fresh,SavonDeRoyal Miracle Shampoo-Complete Recovery SHEA OIL 12x500ml,22544,22.77,,12pcs,,,,,,,,,,NO,
Deep Fresh,SavonDeRoyal Miracle Shampoo-Revilatize Hair COLLAGEN 12x500ml,22545,22.77,,12pcs,,,,,,,,,,NO,
Deep Fresh,SavonDeRoyal Miracle Shampoo-Repair Expert ARGAN OIL 12x500ml,22546,22.77,,12pcs,,,,,,,,,,NO,
Deep Fresh,SavonDeRoyal Miracle Hair Conditinoner-Ultimate Repair BIOTIN 12x500ml,22547,22.77,,12pcs,,,,,,,,,,NO,
Deep Fresh,SavonDeRoyal Miracle Shower Gel-GREEN TEA 12x500ml,22548,19.53,,12pcs,,,,,,,,,,NO,
Deep Fresh,SavonDeRoyal Miracle Shower Gel-ICE THERAPHY 12x500ml,22549,19.53,,12pcs,,,,,,,,,,NO,
Deep Fresh,SavonDeRoyal Miracle Shower Gel-MOISTURE THERAPY 12x500ml,22550,19.53,,12pcs,,,,,,,,,,NO,
Deep Fresh,SavonDeRoyal Miracle Shower Gel-COFFEE BREAK 12x500ml,22551,19.53,,12pcs,,,,,,,,,,NO,
Deep Fresh,SavonDeRoyal Miracle Shower Gel-PINK DREAM 12x500ml,22553,19.53,,12pcs,,,,,,,,,,NO,
Deep Fresh,Deep Fresh Wet Wipes-Biodegrable Flushable Toilet Wipes 48x42pcs (),90012,22.50,,48pcs,,,,,,,,,,NO,
Deep Fresh,Deep Fresh Make-Up Removal Cotton With Bags 70pcs 1x48,90503,20.00,,48pcs,,,,,,,,,,NO,
Deep Fresh,Deep Fresh Make-Up Cleaning Water Micellar 24x200ml,22557,12.00,,24pcs,,,,,,,,,,NO,
Deep Fresh,Deep Fresh Make-Up Removing Wipes HYALURONIC ACID 25PCS 1X48,222558,22.00,,48pcs,,,,,,,,,,NO,
Deep Fresh,Deep Fresh Face Mask - Hyaluronic Acid 24pcs 1x144 FULL BOX,22559,50.00,,144pcs,,,,,,,,,,NO,
Deep Fresh,Deep Fresh Face Mask - Zinc Oxide 24pcs 1X6 FULL BOX,22560,50.00,,144pcs,,,,,,,,,,NO,
Deep Fresh,Deep Fresh Face Mask - Collagen 24pcs 1X6 FULL BOX,22561,50.00,,144pcs,,,,,,,,,,NO,
Deep Fresh,Deep Fresh Face Mask - Aloe Vera 24pcs 1X6 FULL BOX,22688,50.00,,144pcs,,,,,,,,,,,
Deep Fresh,Deep Fresh Face Mask - Vitamin C 24pcs 1X6 FULL BOX,22687,50.00,,144pcs,,,,,,,,,,,
Deep Fresh,Deep Fresh Face Mask - Ginseng 24pcs 1X6 FULL BOX,22689,50.00,,144pcs,,,,,,,,,,,
